/*      !!! THIS FILE WAS GENERATED AUTOMATICALLY !!!      */
/* Do not edit by hand, unless you know what you're doing! */

unsigned char __nuklear_sdl3_gpu_VERTEX_PRIVATE[]    = {0x00};
unsigned int  __nuklear_sdl3_gpu_VERTEX_PRIVATE_len  = 0;
unsigned char __nuklear_sdl3_gpu_FRAGMENT_PRIVATE[]    = {0x00};
unsigned int  __nuklear_sdl3_gpu_FRAGMENT_PRIVATE_len  = 0;

unsigned char __nuklear_sdl3_gpu_VERTEX_SPIRV[] = {
  0x03, 0x02, 0x23, 0x07, 0x00, 0x00, 0x01, 0x00, 0x00, 0x00, 0x0e, 0x00,
  0x9c, 0x00, 0x00, 0x00, 0x00, 0x00, 0x00, 0x00, 0x11, 0x00, 0x02, 0x00,
  0x01, 0x00, 0x00, 0x00, 0x0a, 0x00, 0x08, 0x00, 0x53, 0x50, 0x56, 0x5f,
  0x4b, 0x48, 0x52, 0x5f, 0x6e, 0x6f, 0x6e, 0x5f, 0x73, 0x65, 0x6d, 0x61,
  0x6e, 0x74, 0x69, 0x63, 0x5f, 0x69, 0x6e, 0x66, 0x6f, 0x00, 0x00, 0x00,
  0x0b, 0x00, 0x0b, 0x00, 0x01, 0x00, 0x00, 0x00, 0x4e, 0x6f, 0x6e, 0x53,
  0x65, 0x6d, 0x61, 0x6e, 0x74, 0x69, 0x63, 0x2e, 0x53, 0x68, 0x61, 0x64,
  0x65, 0x72, 0x2e, 0x44, 0x65, 0x62, 0x75, 0x67, 0x49, 0x6e, 0x66, 0x6f,
  0x2e, 0x31, 0x30, 0x30, 0x00, 0x00, 0x00, 0x00, 0x0e, 0x00, 0x03, 0x00,
  0x00, 0x00, 0x00, 0x00, 0x01, 0x00, 0x00, 0x00, 0x0f, 0x00, 0x0b, 0x00,
  0x00, 0x00, 0x00, 0x00, 0x02, 0x00, 0x00, 0x00, 0x56, 0x45, 0x52, 0x54,
  0x45, 0x58, 0x00, 0x00, 0x03, 0x00, 0x00, 0x00, 0x04, 0x00, 0x00, 0x00,
  0x05, 0x00, 0x00, 0x00, 0x06, 0x00, 0x00, 0x00, 0x07, 0x00, 0x00, 0x00,
  0x08, 0x00, 0x00, 0x00, 0x07, 0x00, 0x0f, 0x00, 0x09, 0x00, 0x00, 0x00,
  0x2f, 0x74, 0x6d, 0x70, 0x2f, 0x74, 0x6d, 0x70, 0x2e, 0x6c, 0x75, 0x49,
  0x65, 0x48, 0x43, 0x70, 0x6c, 0x4b, 0x42, 0x2f, 0x6e, 0x75, 0x6b, 0x6c,
  0x65, 0x61, 0x72, 0x5f, 0x73, 0x64, 0x6c, 0x33, 0x5f, 0x67, 0x70, 0x75,
  0x5f, 0x56, 0x45, 0x52, 0x54, 0x45, 0x58, 0x2e, 0x68, 0x6c, 0x73, 0x6c,
  0x00, 0x00, 0x00, 0x00, 0x07, 0x00, 0x8a, 0x00, 0x0a, 0x00, 0x00, 0x00,
  0x63, 0x62, 0x75, 0x66, 0x66, 0x65, 0x72, 0x20, 0x55, 0x42, 0x4f, 0x20,
  0x3a, 0x20, 0x72, 0x65, 0x67, 0x69, 0x73, 0x74, 0x65, 0x72, 0x28, 0x62,
  0x30, 0x2c, 0x20, 0x73, 0x70, 0x61, 0x63, 0x65, 0x31, 0x29, 0x0a, 0x7b,
  0x0a, 0x20, 0x20, 0x20, 0x20, 0x66, 0x6c, 0x6f, 0x61, 0x74, 0x34, 0x78,
  0x34, 0x20, 0x74, 0x72, 0x61, 0x6e, 0x73, 0x66, 0x6f, 0x72, 0x6d, 0x20,
  0x3a, 0x20, 0x70, 0x61, 0x63, 0x6b, 0x6f, 0x66, 0x66, 0x73, 0x65, 0x74,
  0x28, 0x63, 0x30, 0x29, 0x3b, 0x0a, 0x7d, 0x3b, 0x0a, 0x0a, 0x73, 0x74,
  0x72, 0x75, 0x63, 0x74, 0x20, 0x76, 0x73, 0x5f, 0x69, 0x6e, 0x70, 0x75,
  0x74, 0x20, 0x7b, 0x0a, 0x20, 0x20, 0x20, 0x20, 0x66, 0x6c, 0x6f, 0x61,
  0x74, 0x32, 0x20, 0x70, 0x6f, 0x73, 0x69, 0x74, 0x69, 0x6f, 0x6e, 0x20,
  0x20, 0x3a, 0x20, 0x54, 0x45, 0x58, 0x43, 0x4f, 0x4f, 0x52, 0x44, 0x30,
  0x3b, 0x0a, 0x20, 0x20, 0x20, 0x20, 0x66, 0x6c, 0x6f, 0x61, 0x74, 0x32,
  0x20, 0x75, 0x76, 0x20, 0x20, 0x20, 0x20, 0x20, 0x20, 0x20, 0x20, 0x3a,
  0x20, 0x54, 0x45, 0x58, 0x43, 0x4f, 0x4f, 0x52, 0x44, 0x31, 0x3b, 0x0a,
  0x20, 0x20, 0x20, 0x20, 0x66, 0x6c, 0x6f, 0x61, 0x74, 0x34, 0x20, 0x63,
  0x6f, 0x6c, 0x6f, 0x72, 0x20, 0x20, 0x20, 0x20, 0x20, 0x3a, 0x20, 0x54,
  0x45, 0x58, 0x43, 0x4f, 0x4f, 0x52, 0x44, 0x32, 0x3b, 0x0a, 0x7d, 0x3b,
  0x0a, 0x0a, 0x73, 0x74, 0x72, 0x75, 0x63, 0x74, 0x20, 0x76, 0x73, 0x5f,
  0x6f, 0x75, 0x74, 0x70, 0x75, 0x74, 0x20, 0x7b, 0x0a, 0x20, 0x20, 0x20,
  0x20, 0x66, 0x6c, 0x6f, 0x61, 0x74, 0x32, 0x20, 0x75, 0x76, 0x20, 0x3a,
  0x20, 0x54, 0x45, 0x58, 0x43, 0x4f, 0x4f, 0x52, 0x44, 0x30, 0x3b, 0x0a,
  0x20, 0x20, 0x20, 0x20, 0x66, 0x6c, 0x6f, 0x61, 0x74, 0x34, 0x20, 0x63,
  0x6f, 0x6c, 0x6f, 0x72, 0x20, 0x3a, 0x20, 0x54, 0x45, 0x58, 0x43, 0x4f,
  0x4f, 0x52, 0x44, 0x31, 0x3b, 0x0a, 0x20, 0x20, 0x20, 0x20, 0x66, 0x6c,
  0x6f, 0x61, 0x74, 0x34, 0x20, 0x70, 0x6f, 0x73, 0x69, 0x74, 0x69, 0x6f,
  0x6e, 0x20, 0x3a, 0x20, 0x53, 0x56, 0x5f, 0x50, 0x6f, 0x73, 0x69, 0x74,
  0x69, 0x6f, 0x6e, 0x3b, 0x0a, 0x7d, 0x3b, 0x0a, 0x0a, 0x76, 0x73, 0x5f,
  0x6f, 0x75, 0x74, 0x70, 0x75, 0x74, 0x20, 0x56, 0x45, 0x52, 0x54, 0x45,
  0x58, 0x28, 0x76, 0x73, 0x5f, 0x69, 0x6e, 0x70, 0x75, 0x74, 0x20, 0x69,
  0x6e, 0x70, 0x75, 0x74, 0x29, 0x0a, 0x7b, 0x0a, 0x20, 0x20, 0x20, 0x20,
  0x76, 0x73, 0x5f, 0x6f, 0x75, 0x74, 0x70, 0x75, 0x74, 0x20, 0x6f, 0x75,
  0x74, 0x70, 0x75, 0x74, 0x3b, 0x0a, 0x0a, 0x20, 0x20, 0x20, 0x20, 0x6f,
  0x75, 0x74, 0x70, 0x75, 0x74, 0x2e, 0x70, 0x6f, 0x73, 0x69, 0x74, 0x69,
  0x6f, 0x6e, 0x20, 0x3d, 0x20, 0x6d, 0x75, 0x6c, 0x28, 0x74, 0x72, 0x61,
  0x6e, 0x73, 0x66, 0x6f, 0x72, 0x6d, 0x2c, 0x20, 0x66, 0x6c, 0x6f, 0x61,
  0x74, 0x34, 0x28, 0x69, 0x6e, 0x70, 0x75, 0x74, 0x2e, 0x70, 0x6f, 0x73,
  0x69, 0x74, 0x69, 0x6f, 0x6e, 0x2c, 0x20, 0x30, 0x2e, 0x30, 0x66, 0x2c,
  0x20, 0x31, 0x2e, 0x30, 0x66, 0x29, 0x29, 0x3b, 0x0a, 0x20, 0x20, 0x20,
  0x20, 0x6f, 0x75, 0x74, 0x70, 0x75, 0x74, 0x2e, 0x75, 0x76, 0x20, 0x20,
  0x20, 0x20, 0x20, 0x20, 0x20, 0x3d, 0x20, 0x69, 0x6e, 0x70, 0x75, 0x74,
  0x2e, 0x75, 0x76, 0x3b, 0x0a, 0x20, 0x20, 0x20, 0x20, 0x6f, 0x75, 0x74,
  0x70, 0x75, 0x74, 0x2e, 0x63, 0x6f, 0x6c, 0x6f, 0x72, 0x20, 0x20, 0x20,
  0x20, 0x3d, 0x20, 0x69, 0x6e, 0x70, 0x75, 0x74, 0x2e, 0x63, 0x6f, 0x6c,
  0x6f, 0x72, 0x3b, 0x0a, 0x0a, 0x20, 0x20, 0x20, 0x20, 0x72, 0x65, 0x74,
  0x75, 0x72, 0x6e, 0x20, 0x6f, 0x75, 0x74, 0x70, 0x75, 0x74, 0x3b, 0x0a,
  0x7d, 0x0a, 0x00, 0x00, 0x07, 0x00, 0x04, 0x00, 0x0b, 0x00, 0x00, 0x00,
  0x66, 0x6c, 0x6f, 0x61, 0x74, 0x00, 0x00, 0x00, 0x07, 0x00, 0x03, 0x00,
  0x0c, 0x00, 0x00, 0x00, 0x75, 0x76, 0x00, 0x00, 0x07, 0x00, 0x04, 0x00,
  0x0d, 0x00, 0x00, 0x00, 0x63, 0x6f, 0x6c, 0x6f, 0x72, 0x00, 0x00, 0x00,
  0x07, 0x00, 0x05, 0x00, 0x0e, 0x00, 0x00, 0x00, 0x70, 0x6f, 0x73, 0x69,
  0x74, 0x69, 0x6f, 0x6e, 0x00, 0x00, 0x00, 0x00, 0x07, 0x00, 0x05, 0x00,
  0x0f, 0x00, 0x00, 0x00, 0x76, 0x73, 0x5f, 0x6f, 0x75, 0x74, 0x70, 0x75,
  0x74, 0x00, 0x00, 0x00, 0x07, 0x00, 0x05, 0x00, 0x10, 0x00, 0x00, 0x00,
  0x76, 0x73, 0x5f, 0x69, 0x6e, 0x70, 0x75, 0x74, 0x00, 0x00, 0x00, 0x00,
  0x07, 0x00, 0x04, 0x00, 0x11, 0x00, 0x00, 0x00, 0x56, 0x45, 0x52, 0x54,
  0x45, 0x58, 0x00, 0x00, 0x07, 0x00, 0x03, 0x00, 0x12, 0x00, 0x00, 0x00,
  0x00, 0x00, 0x00, 0x00, 0x07, 0x00, 0x04, 0x00, 0x13, 0x00, 0x00, 0x00,
  0x6f, 0x75, 0x74, 0x70, 0x75, 0x74, 0x00, 0x00, 0x07, 0x00, 0x04, 0x00,
  0x14, 0x00, 0x00, 0x00, 0x69, 0x6e, 0x70, 0x75, 0x74, 0x00, 0x00, 0x00,
  0x07, 0x00, 0x04, 0x00, 0x15, 0x00, 0x00, 0x00, 0x77, 0x72, 0x61, 0x70,
  0x70, 0x65, 0x72, 0x00, 0x07, 0x00, 0x05, 0x00, 0x16, 0x00, 0x00, 0x00,
  0x39, 0x65, 0x66, 0x62, 0x62, 0x36, 0x63, 0x33, 0x00, 0x00, 0x00, 0x00,
  0x07, 0x00, 0x25, 0x00, 0x17, 0x00, 0x00, 0x00, 0x20, 0x2d, 0x45, 0x20,
  0x56, 0x45, 0x52, 0x54, 0x45, 0x58, 0x20, 0x2d, 0x54, 0x20, 0x76, 0x73,
  0x5f, 0x36, 0x5f, 0x30, 0x20, 0x2d, 0x73, 0x70, 0x69, 0x72, 0x76, 0x20,
  0x2d, 0x66, 0x73, 0x70, 0x76, 0x2d, 0x66, 0x6c, 0x61, 0x74, 0x74, 0x65,
  0x6e, 0x2d, 0x72, 0x65, 0x73, 0x6f, 0x75, 0x72, 0x63, 0x65, 0x2d, 0x61,
  0x72, 0x72, 0x61, 0x79, 0x73, 0x20, 0x2d, 0x66, 0x73, 0x70, 0x76, 0x2d,
  0x70, 0x72, 0x65, 0x73, 0x65, 0x72, 0x76, 0x65, 0x2d, 0x62, 0x69, 0x6e,
  0x64, 0x69, 0x6e, 0x67, 0x73, 0x20, 0x2d, 0x66, 0x73, 0x70, 0x76, 0x2d,
  0x70, 0x72, 0x65, 0x73, 0x65, 0x72, 0x76, 0x65, 0x2d, 0x69, 0x6e, 0x74,
  0x65, 0x72, 0x66, 0x61, 0x63, 0x65, 0x20, 0x2d, 0x66, 0x73, 0x70, 0x76,
  0x2d, 0x64, 0x65, 0x62, 0x75, 0x67, 0x3d, 0x76, 0x75, 0x6c, 0x6b, 0x61,
  0x6e, 0x2d, 0x77, 0x69, 0x74, 0x68, 0x2d, 0x73, 0x6f, 0x75, 0x72, 0x63,
  0x65, 0x00, 0x00, 0x00, 0x07, 0x00, 0x05, 0x00, 0x18, 0x00, 0x00, 0x00,
  0x74, 0x72, 0x61, 0x6e, 0x73, 0x66, 0x6f, 0x72, 0x6d, 0x00, 0x00, 0x00,
  0x07, 0x00, 0x05, 0x00, 0x19, 0x00, 0x00, 0x00, 0x74, 0x79, 0x70, 0x65,
  0x2e, 0x55, 0x42, 0x4f, 0x00, 0x00, 0x00, 0x00, 0x07, 0x00, 0x03, 0x00,
  0x1a, 0x00, 0x00, 0x00, 0x55, 0x42, 0x4f, 0x00, 0x05, 0x00, 0x05, 0x00,
  0x1b, 0x00, 0x00, 0x00, 0x74, 0x79, 0x70, 0x65, 0x2e, 0x55, 0x42, 0x4f,
  0x00, 0x00, 0x00, 0x00, 0x06, 0x00, 0x06, 0x00, 0x1b, 0x00, 0x00, 0x00,
  0x00, 0x00, 0x00, 0x00, 0x74, 0x72, 0x61, 0x6e, 0x73, 0x66, 0x6f, 0x72,
  0x6d, 0x00, 0x00, 0x00, 0x05, 0x00, 0x03, 0x00, 0x1c, 0x00, 0x00, 0x00,
  0x55, 0x42, 0x4f, 0x00, 0x05, 0x00, 0x07, 0x00, 0x03, 0x00, 0x00, 0x00,
  0x69, 0x6e, 0x2e, 0x76, 0x61, 0x72, 0x2e, 0x54, 0x45, 0x58, 0x43, 0x4f,
  0x4f, 0x52, 0x44, 0x30, 0x00, 0x00, 0x00, 0x00, 0x05, 0x00, 0x07, 0x00,
  0x04, 0x00, 0x00, 0x00, 0x69, 0x6e, 0x2e, 0x76, 0x61, 0x72, 0x2e, 0x54,
  0x45, 0x58, 0x43, 0x4f, 0x4f, 0x52, 0x44, 0x31, 0x00, 0x00, 0x00, 0x00,
  0x05, 0x00, 0x07, 0x00, 0x05, 0x00, 0x00, 0x00, 0x69, 0x6e, 0x2e, 0x76,
  0x61, 0x72, 0x2e, 0x54, 0x45, 0x58, 0x43, 0x4f, 0x4f, 0x52, 0x44, 0x32,
  0x00, 0x00, 0x00, 0x00, 0x05, 0x00, 0x07, 0x00, 0x06, 0x00, 0x00, 0x00,
  0x6f, 0x75, 0x74, 0x2e, 0x76, 0x61, 0x72, 0x2e, 0x54, 0x45, 0x58, 0x43,
  0x4f, 0x4f, 0x52, 0x44, 0x30, 0x00, 0x00, 0x00, 0x05, 0x00, 0x07, 0x00,
  0x07, 0x00, 0x00, 0x00, 0x6f, 0x75, 0x74, 0x2e, 0x76, 0x61, 0x72, 0x2e,
  0x54, 0x45, 0x58, 0x43, 0x4f, 0x4f, 0x52, 0x44, 0x31, 0x00, 0x00, 0x00,
  0x05, 0x00, 0x04, 0x00, 0x02, 0x00, 0x00, 0x00, 0x56, 0x45, 0x52, 0x54,
  0x45, 0x58, 0x00, 0x00, 0x47, 0x00, 0x04, 0x00, 0x08, 0x00, 0x00, 0x00,
  0x0b, 0x00, 0x00, 0x00, 0x00, 0x00, 0x00, 0x00, 0x47, 0x00, 0x04, 0x00,
  0x03, 0x00, 0x00, 0x00, 0x1e, 0x00, 0x00, 0x00, 0x00, 0x00, 0x00, 0x00,
  0x47, 0x00, 0x04, 0x00, 0x04, 0x00, 0x00, 0x00, 0x1e, 0x00, 0x00, 0x00,
  0x01, 0x00, 0x00, 0x00, 0x47, 0x00, 0x04, 0x00, 0x05, 0x00, 0x00, 0x00,
  0x1e, 0x00, 0x00, 0x00, 0x02, 0x00, 0x00, 0x00, 0x47, 0x00, 0x04, 0x00,
  0x06, 0x00, 0x00, 0x00, 0x1e, 0x00, 0x00, 0x00, 0x00, 0x00, 0x00, 0x00,
  0x47, 0x00, 0x04, 0x00, 0x07, 0x00, 0x00, 0x00, 0x1e, 0x00, 0x00, 0x00,
  0x01, 0x00, 0x00, 0x00, 0x47, 0x00, 0x04, 0x00, 0x1c, 0x00, 0x00, 0x00,
  0x22, 0x00, 0x00, 0x00, 0x01, 0x00, 0x00, 0x00, 0x47, 0x00, 0x04, 0x00,
  0x1c, 0x00, 0x00, 0x00, 0x21, 0x00, 0x00, 0x00, 0x00, 0x00, 0x00, 0x00,
  0x48, 0x00, 0x05, 0x00, 0x1b, 0x00, 0x00, 0x00, 0x00, 0x00, 0x00, 0x00,
  0x23, 0x00, 0x00, 0x00, 0x00, 0x00, 0x00, 0x00, 0x48, 0x00, 0x05, 0x00,
  0x1b, 0x00, 0x00, 0x00, 0x00, 0x00, 0x00, 0x00, 0x07, 0x00, 0x00, 0x00,
  0x10, 0x00, 0x00, 0x00, 0x48, 0x00, 0x04, 0x00, 0x1b, 0x00, 0x00, 0x00,
  0x00, 0x00, 0x00, 0x00, 0x04, 0x00, 0x00, 0x00, 0x47, 0x00, 0x03, 0x00,
  0x1b, 0x00, 0x00, 0x00, 0x02, 0x00, 0x00, 0x00, 0x15, 0x00, 0x04, 0x00,
  0x52, 0x00, 0x00, 0x00, 0x20, 0x00, 0x00, 0x00, 0x01, 0x00, 0x00, 0x00,
  0x2b, 0x00, 0x04, 0x00, 0x52, 0x00, 0x00, 0x00, 0x53, 0x00, 0x00, 0x00,
  0x00, 0x00, 0x00, 0x00, 0x16, 0x00, 0x03, 0x00, 0x54, 0x00, 0x00, 0x00,
  0x20, 0x00, 0x00, 0x00, 0x2b, 0x00, 0x04, 0x00, 0x54, 0x00, 0x00, 0x00,
  0x55, 0x00, 0x00, 0x00, 0x00, 0x00, 0x00, 0x00, 0x2b, 0x00, 0x04, 0x00,
  0x54, 0x00, 0x00, 0x00, 0x56, 0x00, 0x00, 0x00, 0x00, 0x00, 0x80, 0x3f,
  0x2b, 0x00, 0x04, 0x00, 0x52, 0x00, 0x00, 0x00, 0x57, 0x00, 0x00, 0x00,
  0x02, 0x00, 0x00, 0x00, 0x2b, 0x00, 0x04, 0x00, 0x52, 0x00, 0x00, 0x00,
  0x58, 0x00, 0x00, 0x00, 0x01, 0x00, 0x00, 0x00, 0x15, 0x00, 0x04, 0x00,
  0x59, 0x00, 0x00, 0x00, 0x20, 0x00, 0x00, 0x00, 0x00, 0x00, 0x00, 0x00,
  0x2b, 0x00, 0x04, 0x00, 0x59, 0x00, 0x00, 0x00, 0x26, 0x00, 0x00, 0x00,
  0x20, 0x00, 0x00, 0x00, 0x17, 0x00, 0x04, 0x00, 0x5a, 0x00, 0x00, 0x00,
  0x54, 0x00, 0x00, 0x00, 0x04, 0x00, 0x00, 0x00, 0x18, 0x00, 0x04, 0x00,
  0x5b, 0x00, 0x00, 0x00, 0x5a, 0x00, 0x00, 0x00, 0x04, 0x00, 0x00, 0x00,
  0x1e, 0x00, 0x03, 0x00, 0x1b, 0x00, 0x00, 0x00, 0x5b, 0x00, 0x00, 0x00,
  0x20, 0x00, 0x04, 0x00, 0x5c, 0x00, 0x00, 0x00, 0x02, 0x00, 0x00, 0x00,
  0x1b, 0x00, 0x00, 0x00, 0x17, 0x00, 0x04, 0x00, 0x5d, 0x00, 0x00, 0x00,
  0x54, 0x00, 0x00, 0x00, 0x02, 0x00, 0x00, 0x00, 0x20, 0x00, 0x04, 0x00,
  0x5e, 0x00, 0x00, 0x00, 0x01, 0x00, 0x00, 0x00, 0x5d, 0x00, 0x00, 0x00,
  0x20, 0x00, 0x04, 0x00, 0x5f, 0x00, 0x00, 0x00, 0x01, 0x00, 0x00, 0x00,
  0x5a, 0x00, 0x00, 0x00, 0x20, 0x00, 0x04, 0x00, 0x60, 0x00, 0x00, 0x00,
  0x03, 0x00, 0x00, 0x00, 0x5d, 0x00, 0x00, 0x00, 0x20, 0x00, 0x04, 0x00,
  0x61, 0x00, 0x00, 0x00, 0x03, 0x00, 0x00, 0x00, 0x5a, 0x00, 0x00, 0x00,
  0x13, 0x00, 0x02, 0x00, 0x1d, 0x00, 0x00, 0x00, 0x2b, 0x00, 0x04, 0x00,
  0x59, 0x00, 0x00, 0x00, 0x22, 0x00, 0x00, 0x00, 0x01, 0x00, 0x00, 0x00,
  0x2b, 0x00, 0x04, 0x00, 0x59, 0x00, 0x00, 0x00, 0x23, 0x00, 0x00, 0x00,
  0x04, 0x00, 0x00, 0x00, 0x2b, 0x00, 0x04, 0x00, 0x59, 0x00, 0x00, 0x00,
  0x24, 0x00, 0x00, 0x00, 0x05, 0x00, 0x00, 0x00, 0x2b, 0x00, 0x04, 0x00,
  0x59, 0x00, 0x00, 0x00, 0x27, 0x00, 0x00, 0x00, 0x03, 0x00, 0x00, 0x00,
  0x2b, 0x00, 0x04, 0x00, 0x59, 0x00, 0x00, 0x00, 0x28, 0x00, 0x00, 0x00,
  0x00, 0x00, 0x00, 0x00, 0x2b, 0x00, 0x04, 0x00, 0x59, 0x00, 0x00, 0x00,
  0x2a, 0x00, 0x00, 0x00, 0x02, 0x00, 0x00, 0x00, 0x2b, 0x00, 0x04, 0x00,
  0x59, 0x00, 0x00, 0x00, 0x2e, 0x00, 0x00, 0x00, 0x40, 0x00, 0x00, 0x00,
  0x2b, 0x00, 0x04, 0x00, 0x59, 0x00, 0x00, 0x00, 0x2c, 0x00, 0x00, 0x00,
  0x0d, 0x00, 0x00, 0x00, 0x2b, 0x00, 0x04, 0x00, 0x59, 0x00, 0x00, 0x00,
  0x2d, 0x00, 0x00, 0x00, 0x0c, 0x00, 0x00, 0x00, 0x2b, 0x00, 0x04, 0x00,
  0x59, 0x00, 0x00, 0x00, 0x32, 0x00, 0x00, 0x00, 0x80, 0x00, 0x00, 0x00,
  0x2b, 0x00, 0x04, 0x00, 0x59, 0x00, 0x00, 0x00, 0x31, 0x00, 0x00, 0x00,
  0x0e, 0x00, 0x00, 0x00, 0x2b, 0x00, 0x04, 0x00, 0x59, 0x00, 0x00, 0x00,
  0x35, 0x00, 0x00, 0x00, 0xc0, 0x00, 0x00, 0x00, 0x2b, 0x00, 0x04, 0x00,
  0x59, 0x00, 0x00, 0x00, 0x34, 0x00, 0x00, 0x00, 0x0f, 0x00, 0x00, 0x00,
  0x2b, 0x00, 0x04, 0x00, 0x59, 0x00, 0x00, 0x00, 0x38, 0x00, 0x00, 0x00,
  0x40, 0x01, 0x00, 0x00, 0x2b, 0x00, 0x04, 0x00, 0x59, 0x00, 0x00, 0x00,
  0x37, 0x00, 0x00, 0x00, 0x08, 0x00, 0x00, 0x00, 0x2b, 0x00, 0x04, 0x00,
  0x59, 0x00, 0x00, 0x00, 0x3a, 0x00, 0x00, 0x00, 0x07, 0x00, 0x00, 0x00,
  0x2b, 0x00, 0x04, 0x00, 0x59, 0x00, 0x00, 0x00, 0x3d, 0x00, 0x00, 0x00,
  0x09, 0x00, 0x00, 0x00, 0x2b, 0x00, 0x04, 0x00, 0x59, 0x00, 0x00, 0x00,
  0x40, 0x00, 0x00, 0x00, 0x00, 0x01, 0x00, 0x00, 0x2b, 0x00, 0x04, 0x00,
  0x59, 0x00, 0x00, 0x00, 0x3f, 0x00, 0x00, 0x00, 0x06, 0x00, 0x00, 0x00,
  0x2b, 0x00, 0x04, 0x00, 0x59, 0x00, 0x00, 0x00, 0x43, 0x00, 0x00, 0x00,
  0x12, 0x00, 0x00, 0x00, 0x2b, 0x00, 0x04, 0x00, 0x59, 0x00, 0x00, 0x00,
  0x44, 0x00, 0x00, 0x00, 0x13, 0x00, 0x00, 0x00, 0x2b, 0x00, 0x04, 0x00,
  0x59, 0x00, 0x00, 0x00, 0x47, 0x00, 0x00, 0x00, 0x14, 0x00, 0x00, 0x00,
  0x2b, 0x00, 0x04, 0x00, 0x59, 0x00, 0x00, 0x00, 0x49, 0x00, 0x00, 0x00,
  0x1b, 0x00, 0x00, 0x00, 0x2b, 0x00, 0x04, 0x00, 0x59, 0x00, 0x00, 0x00,
  0x4e, 0x00, 0x00, 0x00, 0x00, 0x02, 0x00, 0x00, 0x21, 0x00, 0x03, 0x00,
  0x62, 0x00, 0x00, 0x00, 0x1d, 0x00, 0x00, 0x00, 0x20, 0x00, 0x04, 0x00,
  0x63, 0x00, 0x00, 0x00, 0x02, 0x00, 0x00, 0x00, 0x5b, 0x00, 0x00, 0x00,
  0x2b, 0x00, 0x04, 0x00, 0x59, 0x00, 0x00, 0x00, 0x64, 0x00, 0x00, 0x00,
  0x16, 0x00, 0x00, 0x00, 0x2b, 0x00, 0x04, 0x00, 0x59, 0x00, 0x00, 0x00,
  0x65, 0x00, 0x00, 0x00, 0x2d, 0x00, 0x00, 0x00, 0x2b, 0x00, 0x04, 0x00,
  0x59, 0x00, 0x00, 0x00, 0x66, 0x00, 0x00, 0x00, 0x33, 0x00, 0x00, 0x00,
  0x2b, 0x00, 0x04, 0x00, 0x59, 0x00, 0x00, 0x00, 0x67, 0x00, 0x00, 0x00,
  0x26, 0x00, 0x00, 0x00, 0x2b, 0x00, 0x04, 0x00, 0x59, 0x00, 0x00, 0x00,
  0x68, 0x00, 0x00, 0x00, 0x47, 0x00, 0x00, 0x00, 0x2b, 0x00, 0x04, 0x00,
  0x59, 0x00, 0x00, 0x00, 0x69, 0x00, 0x00, 0x00, 0x17, 0x00, 0x00, 0x00,
  0x2b, 0x00, 0x04, 0x00, 0x59, 0x00, 0x00, 0x00, 0x6a, 0x00, 0x00, 0x00,
  0x48, 0x00, 0x00, 0x00, 0x2b, 0x00, 0x04, 0x00, 0x59, 0x00, 0x00, 0x00,
  0x6b, 0x00, 0x00, 0x00, 0x18, 0x00, 0x00, 0x00, 0x2b, 0x00, 0x04, 0x00,
  0x59, 0x00, 0x00, 0x00, 0x6c, 0x00, 0x00, 0x00, 0x1a, 0x00, 0x00, 0x00,
  0x3b, 0x00, 0x04, 0x00, 0x5c, 0x00, 0x00, 0x00, 0x1c, 0x00, 0x00, 0x00,
  0x02, 0x00, 0x00, 0x00, 0x3b, 0x00, 0x04, 0x00, 0x5e, 0x00, 0x00, 0x00,
  0x03, 0x00, 0x00, 0x00, 0x01, 0x00, 0x00, 0x00, 0x3b, 0x00, 0x04, 0x00,
  0x5e, 0x00, 0x00, 0x00, 0x04, 0x00, 0x00, 0x00, 0x01, 0x00, 0x00, 0x00,
  0x3b, 0x00, 0x04, 0x00, 0x5f, 0x00, 0x00, 0x00, 0x05, 0x00, 0x00, 0x00,
  0x01, 0x00, 0x00, 0x00, 0x3b, 0x00, 0x04, 0x00, 0x60, 0x00, 0x00, 0x00,
  0x06, 0x00, 0x00, 0x00, 0x03, 0x00, 0x00, 0x00, 0x3b, 0x00, 0x04, 0x00,
  0x61, 0x00, 0x00, 0x00, 0x07, 0x00, 0x00, 0x00, 0x03, 0x00, 0x00, 0x00,
  0x3b, 0x00, 0x04, 0x00, 0x61, 0x00, 0x00, 0x00, 0x08, 0x00, 0x00, 0x00,
  0x03, 0x00, 0x00, 0x00, 0x0c, 0x00, 0x05, 0x00, 0x1d, 0x00, 0x00, 0x00,
  0x1e, 0x00, 0x00, 0x00, 0x01, 0x00, 0x00, 0x00, 0x00, 0x00, 0x00, 0x00,
  0x0c, 0x00, 0x05, 0x00, 0x1d, 0x00, 0x00, 0x00, 0x1f, 0x00, 0x00, 0x00,
  0x01, 0x00, 0x00, 0x00, 0x1f, 0x00, 0x00, 0x00, 0x0c, 0x00, 0x07, 0x00,
  0x1d, 0x00, 0x00, 0x00, 0x20, 0x00, 0x00, 0x00, 0x01, 0x00, 0x00, 0x00,
  0x23, 0x00, 0x00, 0x00, 0x09, 0x00, 0x00, 0x00, 0x0a, 0x00, 0x00, 0x00,
  0x0c, 0x00, 0x09, 0x00, 0x1d, 0x00, 0x00, 0x00, 0x21, 0x00, 0x00, 0x00,
  0x01, 0x00, 0x00, 0x00, 0x01, 0x00, 0x00, 0x00, 0x22, 0x00, 0x00, 0x00,
  0x23, 0x00, 0x00, 0x00, 0x20, 0x00, 0x00, 0x00, 0x24, 0x00, 0x00, 0x00,
  0x0c, 0x00, 0x09, 0x00, 0x1d, 0x00, 0x00, 0x00, 0x25, 0x00, 0x00, 0x00,
  0x01, 0x00, 0x00, 0x00, 0x02, 0x00, 0x00, 0x00, 0x0b, 0x00, 0x00, 0x00,
  0x26, 0x00, 0x00, 0x00, 0x27, 0x00, 0x00, 0x00, 0x28, 0x00, 0x00, 0x00,
  0x0c, 0x00, 0x07, 0x00, 0x1d, 0x00, 0x00, 0x00, 0x29, 0x00, 0x00, 0x00,
  0x01, 0x00, 0x00, 0x00, 0x06, 0x00, 0x00, 0x00, 0x25, 0x00, 0x00, 0x00,
  0x2a, 0x00, 0x00, 0x00, 0x0c, 0x00, 0x0d, 0x00, 0x1d, 0x00, 0x00, 0x00,
  0x2b, 0x00, 0x00, 0x00, 0x01, 0x00, 0x00, 0x00, 0x0b, 0x00, 0x00, 0x00,
  0x0c, 0x00, 0x00, 0x00, 0x29, 0x00, 0x00, 0x00, 0x20, 0x00, 0x00, 0x00,
  0x2c, 0x00, 0x00, 0x00, 0x2d, 0x00, 0x00, 0x00, 0x28, 0x00, 0x00, 0x00,
  0x2e, 0x00, 0x00, 0x00, 0x27, 0x00, 0x00, 0x00, 0x0c, 0x00, 0x07, 0x00,
  0x1d, 0x00, 0x00, 0x00, 0x2f, 0x00, 0x00, 0x00, 0x01, 0x00, 0x00, 0x00,
  0x06, 0x00, 0x00, 0x00, 0x25, 0x00, 0x00, 0x00, 0x23, 0x00, 0x00, 0x00,
  0x0c, 0x00, 0x0d, 0x00, 0x1d, 0x00, 0x00, 0x00, 0x30, 0x00, 0x00, 0x00,
  0x01, 0x00, 0x00, 0x00, 0x0b, 0x00, 0x00, 0x00, 0x0d, 0x00, 0x00, 0x00,
  0x2f, 0x00, 0x00, 0x00, 0x20, 0x00, 0x00, 0x00, 0x31, 0x00, 0x00, 0x00,
  0x2d, 0x00, 0x00, 0x00, 0x2e, 0x00, 0x00, 0x00, 0x32, 0x00, 0x00, 0x00,
  0x27, 0x00, 0x00, 0x00, 0x0c, 0x00, 0x0d, 0x00, 0x1d, 0x00, 0x00, 0x00,
  0x33, 0x00, 0x00, 0x00, 0x01, 0x00, 0x00, 0x00, 0x0b, 0x00, 0x00, 0x00,
  0x0e, 0x00, 0x00, 0x00, 0x2f, 0x00, 0x00, 0x00, 0x20, 0x00, 0x00, 0x00,
  0x34, 0x00, 0x00, 0x00, 0x2d, 0x00, 0x00, 0x00, 0x35, 0x00, 0x00, 0x00,
  0x32, 0x00, 0x00, 0x00, 0x27, 0x00, 0x00, 0x00, 0x0c, 0x00, 0x11, 0x00,
  0x1d, 0x00, 0x00, 0x00, 0x36, 0x00, 0x00, 0x00, 0x01, 0x00, 0x00, 0x00,
  0x0a, 0x00, 0x00, 0x00, 0x0f, 0x00, 0x00, 0x00, 0x22, 0x00, 0x00, 0x00,
  0x20, 0x00, 0x00, 0x00, 0x2d, 0x00, 0x00, 0x00, 0x37, 0x00, 0x00, 0x00,
  0x21, 0x00, 0x00, 0x00, 0x0f, 0x00, 0x00, 0x00, 0x38, 0x00, 0x00, 0x00,
  0x27, 0x00, 0x00, 0x00, 0x2b, 0x00, 0x00, 0x00, 0x30, 0x00, 0x00, 0x00,
  0x33, 0x00, 0x00, 0x00, 0x0c, 0x00, 0x0d, 0x00, 0x1d, 0x00, 0x00, 0x00,
  0x39, 0x00, 0x00, 0x00, 0x01, 0x00, 0x00, 0x00, 0x0b, 0x00, 0x00, 0x00,
  0x0e, 0x00, 0x00, 0x00, 0x29, 0x00, 0x00, 0x00, 0x20, 0x00, 0x00, 0x00,
  0x3a, 0x00, 0x00, 0x00, 0x2d, 0x00, 0x00, 0x00, 0x28, 0x00, 0x00, 0x00,
  0x2e, 0x00, 0x00, 0x00, 0x27, 0x00, 0x00, 0x00, 0x0c, 0x00, 0x0d, 0x00,
  0x1d, 0x00, 0x00, 0x00, 0x3b, 0x00, 0x00, 0x00, 0x01, 0x00, 0x00, 0x00,
  0x0b, 0x00, 0x00, 0x00, 0x0c, 0x00, 0x00, 0x00, 0x29, 0x00, 0x00, 0x00,
  0x20, 0x00, 0x00, 0x00, 0x37, 0x00, 0x00, 0x00, 0x2d, 0x00, 0x00, 0x00,
  0x2e, 0x00, 0x00, 0x00, 0x2e, 0x00, 0x00, 0x00, 0x27, 0x00, 0x00, 0x00,
  0x0c, 0x00, 0x0d, 0x00, 0x1d, 0x00, 0x00, 0x00, 0x3c, 0x00, 0x00, 0x00,
  0x01, 0x00, 0x00, 0x00, 0x0b, 0x00, 0x00, 0x00, 0x0d, 0x00, 0x00, 0x00,
  0x2f, 0x00, 0x00, 0x00, 0x20, 0x00, 0x00, 0x00, 0x3d, 0x00, 0x00, 0x00,
  0x2d, 0x00, 0x00, 0x00, 0x32, 0x00, 0x00, 0x00, 0x32, 0x00, 0x00, 0x00,
  0x27, 0x00, 0x00, 0x00, 0x0c, 0x00, 0x11, 0x00, 0x1d, 0x00, 0x00, 0x00,
  0x3e, 0x00, 0x00, 0x00, 0x01, 0x00, 0x00, 0x00, 0x0a, 0x00, 0x00, 0x00,
  0x10, 0x00, 0x00, 0x00, 0x22, 0x00, 0x00, 0x00, 0x20, 0x00, 0x00, 0x00,
  0x3f, 0x00, 0x00, 0x00, 0x37, 0x00, 0x00, 0x00, 0x21, 0x00, 0x00, 0x00,
  0x10, 0x00, 0x00, 0x00, 0x40, 0x00, 0x00, 0x00, 0x27, 0x00, 0x00, 0x00,
  0x39, 0x00, 0x00, 0x00, 0x3b, 0x00, 0x00, 0x00, 0x3c, 0x00, 0x00, 0x00,
  0x0c, 0x00, 0x08, 0x00, 0x1d, 0x00, 0x00, 0x00, 0x41, 0x00, 0x00, 0x00,
  0x01, 0x00, 0x00, 0x00, 0x08, 0x00, 0x00, 0x00, 0x27, 0x00, 0x00, 0x00,
  0x36, 0x00, 0x00, 0x00, 0x3e, 0x00, 0x00, 0x00, 0x0c, 0x00, 0x0e, 0x00,
  0x1d, 0x00, 0x00, 0x00, 0x42, 0x00, 0x00, 0x00, 0x01, 0x00, 0x00, 0x00,
  0x14, 0x00, 0x00, 0x00, 0x11, 0x00, 0x00, 0x00, 0x41, 0x00, 0x00, 0x00,
  0x20, 0x00, 0x00, 0x00, 0x43, 0x00, 0x00, 0x00, 0x22, 0x00, 0x00, 0x00,
  0x21, 0x00, 0x00, 0x00, 0x12, 0x00, 0x00, 0x00, 0x27, 0x00, 0x00, 0x00,
  0x44, 0x00, 0x00, 0x00, 0x0c, 0x00, 0x09, 0x00, 0x1d, 0x00, 0x00, 0x00,
  0x45, 0x00, 0x00, 0x00, 0x01, 0x00, 0x00, 0x00, 0x15, 0x00, 0x00, 0x00,
  0x20, 0x00, 0x00, 0x00, 0x44, 0x00, 0x00, 0x00, 0x22, 0x00, 0x00, 0x00,
  0x42, 0x00, 0x00, 0x00, 0x0c, 0x00, 0x0c, 0x00, 0x1d, 0x00, 0x00, 0x00,
  0x46, 0x00, 0x00, 0x00, 0x01, 0x00, 0x00, 0x00, 0x1a, 0x00, 0x00, 0x00,
  0x13, 0x00, 0x00, 0x00, 0x36, 0x00, 0x00, 0x00, 0x20, 0x00, 0x00, 0x00,
  0x47, 0x00, 0x00, 0x00, 0x34, 0x00, 0x00, 0x00, 0x45, 0x00, 0x00, 0x00,
  0x23, 0x00, 0x00, 0x00, 0x0c, 0x00, 0x0d, 0x00, 0x1d, 0x00, 0x00, 0x00,
  0x48, 0x00, 0x00, 0x00, 0x01, 0x00, 0x00, 0x00, 0x1a, 0x00, 0x00, 0x00,
  0x14, 0x00, 0x00, 0x00, 0x3e, 0x00, 0x00, 0x00, 0x20, 0x00, 0x00, 0x00,
  0x43, 0x00, 0x00, 0x00, 0x49, 0x00, 0x00, 0x00, 0x42, 0x00, 0x00, 0x00,
  0x23, 0x00, 0x00, 0x00, 0x22, 0x00, 0x00, 0x00, 0x0c, 0x00, 0x07, 0x00,
  0x1d, 0x00, 0x00, 0x00, 0x4a, 0x00, 0x00, 0x00, 0x01, 0x00, 0x00, 0x00,
  0x08, 0x00, 0x00, 0x00, 0x27, 0x00, 0x00, 0x00, 0x1d, 0x00, 0x00, 0x00,
  0x0c, 0x00, 0x0e, 0x00, 0x1d, 0x00, 0x00, 0x00, 0x4b, 0x00, 0x00, 0x00,
  0x01, 0x00, 0x00, 0x00, 0x14, 0x00, 0x00, 0x00, 0x15, 0x00, 0x00, 0x00,
  0x4a, 0x00, 0x00, 0x00, 0x20, 0x00, 0x00, 0x00, 0x43, 0x00, 0x00, 0x00,
  0x22, 0x00, 0x00, 0x00, 0x21, 0x00, 0x00, 0x00, 0x12, 0x00, 0x00, 0x00,
  0x27, 0x00, 0x00, 0x00, 0x44, 0x00, 0x00, 0x00, 0x0c, 0x00, 0x08, 0x00,
  0x1d, 0x00, 0x00, 0x00, 0x4c, 0x00, 0x00, 0x00, 0x01, 0x00, 0x00, 0x00,
  0x6c, 0x00, 0x00, 0x00, 0x2f, 0x00, 0x00, 0x00, 0x23, 0x00, 0x00, 0x00,
  0x22, 0x00, 0x00, 0x00, 0x0c, 0x00, 0x0d, 0x00, 0x1d, 0x00, 0x00, 0x00,
  0x4d, 0x00, 0x00, 0x00, 0x01, 0x00, 0x00, 0x00, 0x0b, 0x00, 0x00, 0x00,
  0x18, 0x00, 0x00, 0x00, 0x4c, 0x00, 0x00, 0x00, 0x20, 0x00, 0x00, 0x00,
  0x27, 0x00, 0x00, 0x00, 0x31, 0x00, 0x00, 0x00, 0x28, 0x00, 0x00, 0x00,
  0x4e, 0x00, 0x00, 0x00, 0x27, 0x00, 0x00, 0x00, 0x0c, 0x00, 0x0f, 0x00,
  0x1d, 0x00, 0x00, 0x00, 0x4f, 0x00, 0x00, 0x00, 0x01, 0x00, 0x00, 0x00,
  0x0a, 0x00, 0x00, 0x00, 0x19, 0x00, 0x00, 0x00, 0x22, 0x00, 0x00, 0x00,
  0x20, 0x00, 0x00, 0x00, 0x22, 0x00, 0x00, 0x00, 0x3d, 0x00, 0x00, 0x00,
  0x21, 0x00, 0x00, 0x00, 0x19, 0x00, 0x00, 0x00, 0x4e, 0x00, 0x00, 0x00,
  0x27, 0x00, 0x00, 0x00, 0x4d, 0x00, 0x00, 0x00, 0x0c, 0x00, 0x0e, 0x00,
  0x1d, 0x00, 0x00, 0x00, 0x50, 0x00, 0x00, 0x00, 0x01, 0x00, 0x00, 0x00,
  0x12, 0x00, 0x00, 0x00, 0x1a, 0x00, 0x00, 0x00, 0x4f, 0x00, 0x00, 0x00,
  0x20, 0x00, 0x00, 0x00, 0x22, 0x00, 0x00, 0x00, 0x3d, 0x00, 0x00, 0x00,
  0x21, 0x00, 0x00, 0x00, 0x1a, 0x00, 0x00, 0x00, 0x1c, 0x00, 0x00, 0x00,
  0x37, 0x00, 0x00, 0x00, 0x0c, 0x00, 0x09, 0x00, 0x1d, 0x00, 0x00, 0x00,
  0x51, 0x00, 0x00, 0x00, 0x01, 0x00, 0x00, 0x00, 0x6b, 0x00, 0x00, 0x00,
  0x4b, 0x00, 0x00, 0x00, 0x21, 0x00, 0x00, 0x00, 0x16, 0x00, 0x00, 0x00,
  0x17, 0x00, 0x00, 0x00, 0x36, 0x00, 0x05, 0x00, 0x1d, 0x00, 0x00, 0x00,
  0x02, 0x00, 0x00, 0x00, 0x00, 0x00, 0x00, 0x00, 0x62, 0x00, 0x00, 0x00,
  0xf8, 0x00, 0x02, 0x00, 0x6d, 0x00, 0x00, 0x00, 0x0c, 0x00, 0x07, 0x00,
  0x1d, 0x00, 0x00, 0x00, 0x6e, 0x00, 0x00, 0x00, 0x01, 0x00, 0x00, 0x00,
  0x65, 0x00, 0x00, 0x00, 0x4b, 0x00, 0x00, 0x00, 0x02, 0x00, 0x00, 0x00,
  0x3d, 0x00, 0x04, 0x00, 0x5d, 0x00, 0x00, 0x00, 0x6f, 0x00, 0x00, 0x00,
  0x03, 0x00, 0x00, 0x00, 0x3d, 0x00, 0x04, 0x00, 0x5d, 0x00, 0x00, 0x00,
  0x70, 0x00, 0x00, 0x00, 0x04, 0x00, 0x00, 0x00, 0x3d, 0x00, 0x04, 0x00,
  0x5a, 0x00, 0x00, 0x00, 0x71, 0x00, 0x00, 0x00, 0x05, 0x00, 0x00, 0x00,
  0x0c, 0x00, 0x09, 0x00, 0x1d, 0x00, 0x00, 0x00, 0x72, 0x00, 0x00, 0x00,
  0x01, 0x00, 0x00, 0x00, 0x1d, 0x00, 0x00, 0x00, 0x48, 0x00, 0x00, 0x00,
  0x6f, 0x00, 0x00, 0x00, 0x1f, 0x00, 0x00, 0x00, 0x53, 0x00, 0x00, 0x00,
  0x0c, 0x00, 0x09, 0x00, 0x1d, 0x00, 0x00, 0x00, 0x73, 0x00, 0x00, 0x00,
  0x01, 0x00, 0x00, 0x00, 0x1d, 0x00, 0x00, 0x00, 0x48, 0x00, 0x00, 0x00,
  0x70, 0x00, 0x00, 0x00, 0x1f, 0x00, 0x00, 0x00, 0x58, 0x00, 0x00, 0x00,
  0x0c, 0x00, 0x09, 0x00, 0x1d, 0x00, 0x00, 0x00, 0x74, 0x00, 0x00, 0x00,
  0x01, 0x00, 0x00, 0x00, 0x1d, 0x00, 0x00, 0x00, 0x48, 0x00, 0x00, 0x00,
  0x71, 0x00, 0x00, 0x00, 0x1f, 0x00, 0x00, 0x00, 0x57, 0x00, 0x00, 0x00,
  0x0c, 0x00, 0x06, 0x00, 0x1d, 0x00, 0x00, 0x00, 0x9a, 0x00, 0x00, 0x00,
  0x01, 0x00, 0x00, 0x00, 0x17, 0x00, 0x00, 0x00, 0x45, 0x00, 0x00, 0x00,
  0x0c, 0x00, 0x0a, 0x00, 0x1d, 0x00, 0x00, 0x00, 0x75, 0x00, 0x00, 0x00,
  0x01, 0x00, 0x00, 0x00, 0x67, 0x00, 0x00, 0x00, 0x20, 0x00, 0x00, 0x00,
  0x64, 0x00, 0x00, 0x00, 0x64, 0x00, 0x00, 0x00, 0x49, 0x00, 0x00, 0x00,
  0x49, 0x00, 0x00, 0x00, 0x41, 0x00, 0x05, 0x00, 0x63, 0x00, 0x00, 0x00,
  0x76, 0x00, 0x00, 0x00, 0x1c, 0x00, 0x00, 0x00, 0x53, 0x00, 0x00, 0x00,
  0x3d, 0x00, 0x04, 0x00, 0x5b, 0x00, 0x00, 0x00, 0x78, 0x00, 0x00, 0x00,
  0x76, 0x00, 0x00, 0x00, 0x0c, 0x00, 0x0a, 0x00, 0x1d, 0x00, 0x00, 0x00,
  0x79, 0x00, 0x00, 0x00, 0x01, 0x00, 0x00, 0x00, 0x67, 0x00, 0x00, 0x00,
  0x20, 0x00, 0x00, 0x00, 0x64, 0x00, 0x00, 0x00, 0x64, 0x00, 0x00, 0x00,
  0x65, 0x00, 0x00, 0x00, 0x66, 0x00, 0x00, 0x00, 0x51, 0x00, 0x05, 0x00,
  0x54, 0x00, 0x00, 0x00, 0x7a, 0x00, 0x00, 0x00, 0x6f, 0x00, 0x00, 0x00,
  0x00, 0x00, 0x00, 0x00, 0x51, 0x00, 0x05, 0x00, 0x54, 0x00, 0x00, 0x00,
  0x7c, 0x00, 0x00, 0x00, 0x6f, 0x00, 0x00, 0x00, 0x01, 0x00, 0x00, 0x00,
  0x0c, 0x00, 0x0a, 0x00, 0x1d, 0x00, 0x00, 0x00, 0x7d, 0x00, 0x00, 0x00,
  0x01, 0x00, 0x00, 0x00, 0x67, 0x00, 0x00, 0x00, 0x20, 0x00, 0x00, 0x00,
  0x64, 0x00, 0x00, 0x00, 0x64, 0x00, 0x00, 0x00, 0x67, 0x00, 0x00, 0x00,
  0x68, 0x00, 0x00, 0x00, 0x50, 0x00, 0x07, 0x00, 0x5a, 0x00, 0x00, 0x00,
  0x7e, 0x00, 0x00, 0x00, 0x7a, 0x00, 0x00, 0x00, 0x7c, 0x00, 0x00, 0x00,
  0x55, 0x00, 0x00, 0x00, 0x56, 0x00, 0x00, 0x00, 0x0c, 0x00, 0x0a, 0x00,
  0x1d, 0x00, 0x00, 0x00, 0x7f, 0x00, 0x00, 0x00, 0x01, 0x00, 0x00, 0x00,
  0x67, 0x00, 0x00, 0x00, 0x20, 0x00, 0x00, 0x00, 0x64, 0x00, 0x00, 0x00,
  0x64, 0x00, 0x00, 0x00, 0x69, 0x00, 0x00, 0x00, 0x6a, 0x00, 0x00, 0x00,
  0x90, 0x00, 0x05, 0x00, 0x5a, 0x00, 0x00, 0x00, 0x80, 0x00, 0x00, 0x00,
  0x7e, 0x00, 0x00, 0x00, 0x78, 0x00, 0x00, 0x00, 0x0c, 0x00, 0x0a, 0x00,
  0x1d, 0x00, 0x00, 0x00, 0x81, 0x00, 0x00, 0x00, 0x01, 0x00, 0x00, 0x00,
  0x67, 0x00, 0x00, 0x00, 0x20, 0x00, 0x00, 0x00, 0x64, 0x00, 0x00, 0x00,
  0x64, 0x00, 0x00, 0x00, 0x24, 0x00, 0x00, 0x00, 0x6a, 0x00, 0x00, 0x00,
  0x0c, 0x00, 0x09, 0x00, 0x1d, 0x00, 0x00, 0x00, 0x82, 0x00, 0x00, 0x00,
  0x01, 0x00, 0x00, 0x00, 0x1d, 0x00, 0x00, 0x00, 0x46, 0x00, 0x00, 0x00,
  0x80, 0x00, 0x00, 0x00, 0x1f, 0x00, 0x00, 0x00, 0x57, 0x00, 0x00, 0x00,
  0x0c, 0x00, 0x0a, 0x00, 0x1d, 0x00, 0x00, 0x00, 0x83, 0x00, 0x00, 0x00,
  0x01, 0x00, 0x00, 0x00, 0x67, 0x00, 0x00, 0x00, 0x20, 0x00, 0x00, 0x00,
  0x69, 0x00, 0x00, 0x00, 0x69, 0x00, 0x00, 0x00, 0x24, 0x00, 0x00, 0x00,
  0x69, 0x00, 0x00, 0x00, 0x0c, 0x00, 0x09, 0x00, 0x1d, 0x00, 0x00, 0x00,
  0x84, 0x00, 0x00, 0x00, 0x01, 0x00, 0x00, 0x00, 0x1d, 0x00, 0x00, 0x00,
  0x46, 0x00, 0x00, 0x00, 0x70, 0x00, 0x00, 0x00, 0x1f, 0x00, 0x00, 0x00,
  0x53, 0x00, 0x00, 0x00, 0x0c, 0x00, 0x0a, 0x00, 0x1d, 0x00, 0x00, 0x00,
  0x85, 0x00, 0x00, 0x00, 0x01, 0x00, 0x00, 0x00, 0x67, 0x00, 0x00, 0x00,
  0x20, 0x00, 0x00, 0x00, 0x6b, 0x00, 0x00, 0x00, 0x6b, 0x00, 0x00, 0x00,
  0x24, 0x00, 0x00, 0x00, 0x6c, 0x00, 0x00, 0x00, 0x0c, 0x00, 0x09, 0x00,
  0x1d, 0x00, 0x00, 0x00, 0x86, 0x00, 0x00, 0x00, 0x01, 0x00, 0x00, 0x00,
  0x1d, 0x00, 0x00, 0x00, 0x46, 0x00, 0x00, 0x00, 0x71, 0x00, 0x00, 0x00,
  0x1f, 0x00, 0x00, 0x00, 0x58, 0x00, 0x00, 0x00, 0x0c, 0x00, 0x05, 0x00,
  0x1d, 0x00, 0x00, 0x00, 0x87, 0x00, 0x00, 0x00, 0x01, 0x00, 0x00, 0x00,
  0x68, 0x00, 0x00, 0x00, 0x0c, 0x00, 0x05, 0x00, 0x1d, 0x00, 0x00, 0x00,
  0x9b, 0x00, 0x00, 0x00, 0x01, 0x00, 0x00, 0x00, 0x18, 0x00, 0x00, 0x00,
  0x3e, 0x00, 0x03, 0x00, 0x06, 0x00, 0x00, 0x00, 0x70, 0x00, 0x00, 0x00,
  0x3e, 0x00, 0x03, 0x00, 0x07, 0x00, 0x00, 0x00, 0x71, 0x00, 0x00, 0x00,
  0x3e, 0x00, 0x03, 0x00, 0x08, 0x00, 0x00, 0x00, 0x80, 0x00, 0x00, 0x00,
  0x0c, 0x00, 0x0a, 0x00, 0x1d, 0x00, 0x00, 0x00, 0x88, 0x00, 0x00, 0x00,
  0x01, 0x00, 0x00, 0x00, 0x67, 0x00, 0x00, 0x00, 0x20, 0x00, 0x00, 0x00,
  0x49, 0x00, 0x00, 0x00, 0x49, 0x00, 0x00, 0x00, 0x22, 0x00, 0x00, 0x00,
  0x22, 0x00, 0x00, 0x00, 0xfd, 0x00, 0x01, 0x00, 0x38, 0x00, 0x01, 0x00
};
unsigned int __nuklear_sdl3_gpu_VERTEX_SPIRV_len = 4596;
unsigned char __nuklear_sdl3_gpu_FRAGMENT_SPIRV[] = {
  0x03, 0x02, 0x23, 0x07, 0x00, 0x00, 0x01, 0x00, 0x00, 0x00, 0x0e, 0x00,
  0x80, 0x00, 0x00, 0x00, 0x00, 0x00, 0x00, 0x00, 0x11, 0x00, 0x02, 0x00,
  0x01, 0x00, 0x00, 0x00, 0x0a, 0x00, 0x08, 0x00, 0x53, 0x50, 0x56, 0x5f,
  0x4b, 0x48, 0x52, 0x5f, 0x6e, 0x6f, 0x6e, 0x5f, 0x73, 0x65, 0x6d, 0x61,
  0x6e, 0x74, 0x69, 0x63, 0x5f, 0x69, 0x6e, 0x66, 0x6f, 0x00, 0x00, 0x00,
  0x0b, 0x00, 0x0b, 0x00, 0x01, 0x00, 0x00, 0x00, 0x4e, 0x6f, 0x6e, 0x53,
  0x65, 0x6d, 0x61, 0x6e, 0x74, 0x69, 0x63, 0x2e, 0x53, 0x68, 0x61, 0x64,
  0x65, 0x72, 0x2e, 0x44, 0x65, 0x62, 0x75, 0x67, 0x49, 0x6e, 0x66, 0x6f,
  0x2e, 0x31, 0x30, 0x30, 0x00, 0x00, 0x00, 0x00, 0x0e, 0x00, 0x03, 0x00,
  0x00, 0x00, 0x00, 0x00, 0x01, 0x00, 0x00, 0x00, 0x0f, 0x00, 0x09, 0x00,
  0x04, 0x00, 0x00, 0x00, 0x02, 0x00, 0x00, 0x00, 0x46, 0x52, 0x41, 0x47,
  0x4d, 0x45, 0x4e, 0x54, 0x00, 0x00, 0x00, 0x00, 0x03, 0x00, 0x00, 0x00,
  0x04, 0x00, 0x00, 0x00, 0x05, 0x00, 0x00, 0x00, 0x10, 0x00, 0x03, 0x00,
  0x02, 0x00, 0x00, 0x00, 0x07, 0x00, 0x00, 0x00, 0x07, 0x00, 0x0f, 0x00,
  0x06, 0x00, 0x00, 0x00, 0x2f, 0x74, 0x6d, 0x70, 0x2f, 0x74, 0x6d, 0x70,
  0x2e, 0x6c, 0x75, 0x49, 0x65, 0x48, 0x43, 0x70, 0x6c, 0x4b, 0x42, 0x2f,
  0x6e, 0x75, 0x6b, 0x6c, 0x65, 0x61, 0x72, 0x5f, 0x73, 0x64, 0x6c, 0x33,
  0x5f, 0x67, 0x70, 0x75, 0x5f, 0x46, 0x52, 0x41, 0x47, 0x4d, 0x45, 0x4e,
  0x54, 0x2e, 0x68, 0x6c, 0x73, 0x6c, 0x00, 0x00, 0x07, 0x00, 0x53, 0x00,
  0x07, 0x00, 0x00, 0x00, 0x54, 0x65, 0x78, 0x74, 0x75, 0x72, 0x65, 0x32,
  0x44, 0x3c, 0x66, 0x6c, 0x6f, 0x61, 0x74, 0x34, 0x3e, 0x20, 0x54, 0x65,
  0x78, 0x74, 0x75, 0x72, 0x65, 0x20, 0x3a, 0x20, 0x72, 0x65, 0x67, 0x69,
  0x73, 0x74, 0x65, 0x72, 0x28, 0x74, 0x30, 0x2c, 0x20, 0x73, 0x70, 0x61,
  0x63, 0x65, 0x32, 0x29, 0x3b, 0x0a, 0x53, 0x61, 0x6d, 0x70, 0x6c, 0x65,
  0x72, 0x53, 0x74, 0x61, 0x74, 0x65, 0x20, 0x53, 0x61, 0x6d, 0x70, 0x6c,
  0x65, 0x72, 0x20, 0x3a, 0x20, 0x72, 0x65, 0x67, 0x69, 0x73, 0x74, 0x65,
  0x72, 0x28, 0x73, 0x30, 0x2c, 0x20, 0x73, 0x70, 0x61, 0x63, 0x65, 0x32,
  0x29, 0x3b, 0x0a, 0x0a, 0x73, 0x74, 0x72, 0x75, 0x63, 0x74, 0x20, 0x6f,
  0x75, 0x74, 0x70, 0x75, 0x74, 0x5f, 0x70, 0x73, 0x0a, 0x7b, 0x0a, 0x20,
  0x20, 0x20, 0x20, 0x66, 0x6c, 0x6f, 0x61, 0x74, 0x34, 0x20, 0x63, 0x6f,
  0x6c, 0x6f, 0x72, 0x20, 0x3a, 0x20, 0x53, 0x56, 0x5f, 0x54, 0x61, 0x72,
  0x67, 0x65, 0x74, 0x3b, 0x0a, 0x7d, 0x3b, 0x0a, 0x0a, 0x6f, 0x75, 0x74,
  0x70, 0x75, 0x74, 0x5f, 0x70, 0x73, 0x20, 0x46, 0x52, 0x41, 0x47, 0x4d,
  0x45, 0x4e, 0x54, 0x28, 0x66, 0x6c, 0x6f, 0x61, 0x74, 0x32, 0x20, 0x75,
  0x76, 0x20, 0x3a, 0x20, 0x54, 0x45, 0x58, 0x43, 0x4f, 0x4f, 0x52, 0x44,
  0x30, 0x2c, 0x20, 0x66, 0x6c, 0x6f, 0x61, 0x74, 0x34, 0x20, 0x63, 0x6f,
  0x6c, 0x6f, 0x72, 0x20, 0x3a, 0x20, 0x54, 0x45, 0x58, 0x43, 0x4f, 0x4f,
  0x52, 0x44, 0x31, 0x29, 0x0a, 0x7b, 0x0a, 0x20, 0x20, 0x20, 0x20, 0x6f,
  0x75, 0x74, 0x70, 0x75, 0x74, 0x5f, 0x70, 0x73, 0x20, 0x72, 0x65, 0x73,
  0x75, 0x6c, 0x74, 0x3b, 0x0a, 0x0a, 0x20, 0x20, 0x20, 0x20, 0x72, 0x65,
  0x73, 0x75, 0x6c, 0x74, 0x2e, 0x63, 0x6f, 0x6c, 0x6f, 0x72, 0x20, 0x3d,
  0x20, 0x63, 0x6f, 0x6c, 0x6f, 0x72, 0x20, 0x2a, 0x20, 0x54, 0x65, 0x78,
  0x74, 0x75, 0x72, 0x65, 0x2e, 0x53, 0x61, 0x6d, 0x70, 0x6c, 0x65, 0x28,
  0x53, 0x61, 0x6d, 0x70, 0x6c, 0x65, 0x72, 0x2c, 0x20, 0x75, 0x76, 0x2e,
  0x72, 0x67, 0x29, 0x3b, 0x0a, 0x0a, 0x20, 0x20, 0x20, 0x20, 0x72, 0x65,
  0x74, 0x75, 0x72, 0x6e, 0x20, 0x72, 0x65, 0x73, 0x75, 0x6c, 0x74, 0x3b,
  0x0a, 0x7d, 0x0a, 0x00, 0x07, 0x00, 0x04, 0x00, 0x08, 0x00, 0x00, 0x00,
  0x66, 0x6c, 0x6f, 0x61, 0x74, 0x00, 0x00, 0x00, 0x07, 0x00, 0x04, 0x00,
  0x09, 0x00, 0x00, 0x00, 0x63, 0x6f, 0x6c, 0x6f, 0x72, 0x00, 0x00, 0x00,
  0x07, 0x00, 0x05, 0x00, 0x0a, 0x00, 0x00, 0x00, 0x6f, 0x75, 0x74, 0x70,
  0x75, 0x74, 0x5f, 0x70, 0x73, 0x00, 0x00, 0x00, 0x07, 0x00, 0x05, 0x00,
  0x0b, 0x00, 0x00, 0x00, 0x46, 0x52, 0x41, 0x47, 0x4d, 0x45, 0x4e, 0x54,
  0x00, 0x00, 0x00, 0x00, 0x07, 0x00, 0x03, 0x00, 0x0c, 0x00, 0x00, 0x00,
  0x00, 0x00, 0x00, 0x00, 0x07, 0x00, 0x04, 0x00, 0x0d, 0x00, 0x00, 0x00,
  0x72, 0x65, 0x73, 0x75, 0x6c, 0x74, 0x00, 0x00, 0x07, 0x00, 0x03, 0x00,
  0x0e, 0x00, 0x00, 0x00, 0x75, 0x76, 0x00, 0x00, 0x07, 0x00, 0x04, 0x00,
  0x0f, 0x00, 0x00, 0x00, 0x77, 0x72, 0x61, 0x70, 0x70, 0x65, 0x72, 0x00,
  0x07, 0x00, 0x05, 0x00, 0x10, 0x00, 0x00, 0x00, 0x39, 0x65, 0x66, 0x62,
  0x62, 0x36, 0x63, 0x33, 0x00, 0x00, 0x00, 0x00, 0x07, 0x00, 0x25, 0x00,
  0x11, 0x00, 0x00, 0x00, 0x20, 0x2d, 0x45, 0x20, 0x46, 0x52, 0x41, 0x47,
  0x4d, 0x45, 0x4e, 0x54, 0x20, 0x2d, 0x54, 0x20, 0x70, 0x73, 0x5f, 0x36,
  0x5f, 0x30, 0x20, 0x2d, 0x73, 0x70, 0x69, 0x72, 0x76, 0x20, 0x2d, 0x66,
  0x73, 0x70, 0x76, 0x2d, 0x66, 0x6c, 0x61, 0x74, 0x74, 0x65, 0x6e, 0x2d,
  0x72, 0x65, 0x73, 0x6f, 0x75, 0x72, 0x63, 0x65, 0x2d, 0x61, 0x72, 0x72,
  0x61, 0x79, 0x73, 0x20, 0x2d, 0x66, 0x73, 0x70, 0x76, 0x2d, 0x70, 0x72,
  0x65, 0x73, 0x65, 0x72, 0x76, 0x65, 0x2d, 0x62, 0x69, 0x6e, 0x64, 0x69,
  0x6e, 0x67, 0x73, 0x20, 0x2d, 0x66, 0x73, 0x70, 0x76, 0x2d, 0x70, 0x72,
  0x65, 0x73, 0x65, 0x72, 0x76, 0x65, 0x2d, 0x69, 0x6e, 0x74, 0x65, 0x72,
  0x66, 0x61, 0x63, 0x65, 0x20, 0x2d, 0x66, 0x73, 0x70, 0x76, 0x2d, 0x64,
  0x65, 0x62, 0x75, 0x67, 0x3d, 0x76, 0x75, 0x6c, 0x6b, 0x61, 0x6e, 0x2d,
  0x77, 0x69, 0x74, 0x68, 0x2d, 0x73, 0x6f, 0x75, 0x72, 0x63, 0x65, 0x00,
  0x07, 0x00, 0x06, 0x00, 0x12, 0x00, 0x00, 0x00, 0x40, 0x74, 0x79, 0x70,
  0x65, 0x2e, 0x73, 0x61, 0x6d, 0x70, 0x6c, 0x65, 0x72, 0x00, 0x00, 0x00,
  0x07, 0x00, 0x06, 0x00, 0x13, 0x00, 0x00, 0x00, 0x74, 0x79, 0x70, 0x65,
  0x2e, 0x73, 0x61, 0x6d, 0x70, 0x6c, 0x65, 0x72, 0x00, 0x00, 0x00, 0x00,
  0x07, 0x00, 0x04, 0x00, 0x14, 0x00, 0x00, 0x00, 0x53, 0x61, 0x6d, 0x70,
  0x6c, 0x65, 0x72, 0x00, 0x07, 0x00, 0x06, 0x00, 0x15, 0x00, 0x00, 0x00,
  0x40, 0x74, 0x79, 0x70, 0x65, 0x2e, 0x32, 0x64, 0x2e, 0x69, 0x6d, 0x61,
  0x67, 0x65, 0x00, 0x00, 0x07, 0x00, 0x06, 0x00, 0x16, 0x00, 0x00, 0x00,
  0x74, 0x79, 0x70, 0x65, 0x2e, 0x32, 0x64, 0x2e, 0x69, 0x6d, 0x61, 0x67,
  0x65, 0x00, 0x00, 0x00, 0x07, 0x00, 0x06, 0x00, 0x17, 0x00, 0x00, 0x00,
  0x54, 0x65, 0x6d, 0x70, 0x6c, 0x61, 0x74, 0x65, 0x50, 0x61, 0x72, 0x61,
  0x6d, 0x00, 0x00, 0x00, 0x07, 0x00, 0x04, 0x00, 0x18, 0x00, 0x00, 0x00,
  0x54, 0x65, 0x78, 0x74, 0x75, 0x72, 0x65, 0x00, 0x05, 0x00, 0x06, 0x00,
  0x19, 0x00, 0x00, 0x00, 0x74, 0x79, 0x70, 0x65, 0x2e, 0x32, 0x64, 0x2e,
  0x69, 0x6d, 0x61, 0x67, 0x65, 0x00, 0x00, 0x00, 0x05, 0x00, 0x04, 0x00,
  0x1a, 0x00, 0x00, 0x00, 0x54, 0x65, 0x78, 0x74, 0x75, 0x72, 0x65, 0x00,
  0x05, 0x00, 0x06, 0x00, 0x1b, 0x00, 0x00, 0x00, 0x74, 0x79, 0x70, 0x65,
  0x2e, 0x73, 0x61, 0x6d, 0x70, 0x6c, 0x65, 0x72, 0x00, 0x00, 0x00, 0x00,
  0x05, 0x00, 0x04, 0x00, 0x1c, 0x00, 0x00, 0x00, 0x53, 0x61, 0x6d, 0x70,
  0x6c, 0x65, 0x72, 0x00, 0x05, 0x00, 0x07, 0x00, 0x03, 0x00, 0x00, 0x00,
  0x69, 0x6e, 0x2e, 0x76, 0x61, 0x72, 0x2e, 0x54, 0x45, 0x58, 0x43, 0x4f,
  0x4f, 0x52, 0x44, 0x30, 0x00, 0x00, 0x00, 0x00, 0x05, 0x00, 0x07, 0x00,
  0x04, 0x00, 0x00, 0x00, 0x69, 0x6e, 0x2e, 0x76, 0x61, 0x72, 0x2e, 0x54,
  0x45, 0x58, 0x43, 0x4f, 0x4f, 0x52, 0x44, 0x31, 0x00, 0x00, 0x00, 0x00,
  0x05, 0x00, 0x07, 0x00, 0x05, 0x00, 0x00, 0x00, 0x6f, 0x75, 0x74, 0x2e,
  0x76, 0x61, 0x72, 0x2e, 0x53, 0x56, 0x5f, 0x54, 0x61, 0x72, 0x67, 0x65,
  0x74, 0x00, 0x00, 0x00, 0x05, 0x00, 0x05, 0x00, 0x02, 0x00, 0x00, 0x00,
  0x46, 0x52, 0x41, 0x47, 0x4d, 0x45, 0x4e, 0x54, 0x00, 0x00, 0x00, 0x00,
  0x05, 0x00, 0x07, 0x00, 0x1d, 0x00, 0x00, 0x00, 0x74, 0x79, 0x70, 0x65,
  0x2e, 0x73, 0x61, 0x6d, 0x70, 0x6c, 0x65, 0x64, 0x2e, 0x69, 0x6d, 0x61,
  0x67, 0x65, 0x00, 0x00, 0x47, 0x00, 0x04, 0x00, 0x03, 0x00, 0x00, 0x00,
  0x1e, 0x00, 0x00, 0x00, 0x00, 0x00, 0x00, 0x00, 0x47, 0x00, 0x04, 0x00,
  0x04, 0x00, 0x00, 0x00, 0x1e, 0x00, 0x00, 0x00, 0x01, 0x00, 0x00, 0x00,
  0x47, 0x00, 0x04, 0x00, 0x05, 0x00, 0x00, 0x00, 0x1e, 0x00, 0x00, 0x00,
  0x00, 0x00, 0x00, 0x00, 0x47, 0x00, 0x04, 0x00, 0x1a, 0x00, 0x00, 0x00,
  0x22, 0x00, 0x00, 0x00, 0x02, 0x00, 0x00, 0x00, 0x47, 0x00, 0x04, 0x00,
  0x1a, 0x00, 0x00, 0x00, 0x21, 0x00, 0x00, 0x00, 0x00, 0x00, 0x00, 0x00,
  0x47, 0x00, 0x04, 0x00, 0x1c, 0x00, 0x00, 0x00, 0x22, 0x00, 0x00, 0x00,
  0x02, 0x00, 0x00, 0x00, 0x47, 0x00, 0x04, 0x00, 0x1c, 0x00, 0x00, 0x00,
  0x21, 0x00, 0x00, 0x00, 0x00, 0x00, 0x00, 0x00, 0x15, 0x00, 0x04, 0x00,
  0x4a, 0x00, 0x00, 0x00, 0x20, 0x00, 0x00, 0x00, 0x01, 0x00, 0x00, 0x00,
  0x2b, 0x00, 0x04, 0x00, 0x4a, 0x00, 0x00, 0x00, 0x4b, 0x00, 0x00, 0x00,
  0x00, 0x00, 0x00, 0x00, 0x15, 0x00, 0x04, 0x00, 0x4c, 0x00, 0x00, 0x00,
  0x20, 0x00, 0x00, 0x00, 0x00, 0x00, 0x00, 0x00, 0x2b, 0x00, 0x04, 0x00,
  0x4c, 0x00, 0x00, 0x00, 0x27, 0x00, 0x00, 0x00, 0x20, 0x00, 0x00, 0x00,
  0x16, 0x00, 0x03, 0x00, 0x4d, 0x00, 0x00, 0x00, 0x20, 0x00, 0x00, 0x00,
  0x19, 0x00, 0x09, 0x00, 0x19, 0x00, 0x00, 0x00, 0x4d, 0x00, 0x00, 0x00,
  0x01, 0x00, 0x00, 0x00, 0x02, 0x00, 0x00, 0x00, 0x00, 0x00, 0x00, 0x00,
  0x00, 0x00, 0x00, 0x00, 0x01, 0x00, 0x00, 0x00, 0x00, 0x00, 0x00, 0x00,
  0x20, 0x00, 0x04, 0x00, 0x4e, 0x00, 0x00, 0x00, 0x00, 0x00, 0x00, 0x00,
  0x19, 0x00, 0x00, 0x00, 0x1a, 0x00, 0x02, 0x00, 0x1b, 0x00, 0x00, 0x00,
  0x20, 0x00, 0x04, 0x00, 0x4f, 0x00, 0x00, 0x00, 0x00, 0x00, 0x00, 0x00,
  0x1b, 0x00, 0x00, 0x00, 0x17, 0x00, 0x04, 0x00, 0x50, 0x00, 0x00, 0x00,
  0x4d, 0x00, 0x00, 0x00, 0x02, 0x00, 0x00, 0x00, 0x20, 0x00, 0x04, 0x00,
  0x51, 0x00, 0x00, 0x00, 0x01, 0x00, 0x00, 0x00, 0x50, 0x00, 0x00, 0x00,
  0x17, 0x00, 0x04, 0x00, 0x52, 0x00, 0x00, 0x00, 0x4d, 0x00, 0x00, 0x00,
  0x04, 0x00, 0x00, 0x00, 0x20, 0x00, 0x04, 0x00, 0x53, 0x00, 0x00, 0x00,
  0x01, 0x00, 0x00, 0x00, 0x52, 0x00, 0x00, 0x00, 0x20, 0x00, 0x04, 0x00,
  0x54, 0x00, 0x00, 0x00, 0x03, 0x00, 0x00, 0x00, 0x52, 0x00, 0x00, 0x00,
  0x13, 0x00, 0x02, 0x00, 0x1e, 0x00, 0x00, 0x00, 0x2b, 0x00, 0x04, 0x00,
  0x4c, 0x00, 0x00, 0x00, 0x23, 0x00, 0x00, 0x00, 0x01, 0x00, 0x00, 0x00,
  0x2b, 0x00, 0x04, 0x00, 0x4c, 0x00, 0x00, 0x00, 0x24, 0x00, 0x00, 0x00,
  0x04, 0x00, 0x00, 0x00, 0x2b, 0x00, 0x04, 0x00, 0x4c, 0x00, 0x00, 0x00,
  0x25, 0x00, 0x00, 0x00, 0x05, 0x00, 0x00, 0x00, 0x2b, 0x00, 0x04, 0x00,
  0x4c, 0x00, 0x00, 0x00, 0x28, 0x00, 0x00, 0x00, 0x03, 0x00, 0x00, 0x00,
  0x2b, 0x00, 0x04, 0x00, 0x4c, 0x00, 0x00, 0x00, 0x29, 0x00, 0x00, 0x00,
  0x00, 0x00, 0x00, 0x00, 0x2b, 0x00, 0x04, 0x00, 0x4c, 0x00, 0x00, 0x00,
  0x2e, 0x00, 0x00, 0x00, 0x80, 0x00, 0x00, 0x00, 0x2b, 0x00, 0x04, 0x00,
  0x4c, 0x00, 0x00, 0x00, 0x2c, 0x00, 0x00, 0x00, 0x06, 0x00, 0x00, 0x00,
  0x2b, 0x00, 0x04, 0x00, 0x4c, 0x00, 0x00, 0x00, 0x2d, 0x00, 0x00, 0x00,
  0x0c, 0x00, 0x00, 0x00, 0x2b, 0x00, 0x04, 0x00, 0x4c, 0x00, 0x00, 0x00,
  0x30, 0x00, 0x00, 0x00, 0x08, 0x00, 0x00, 0x00, 0x2b, 0x00, 0x04, 0x00,
  0x4c, 0x00, 0x00, 0x00, 0x32, 0x00, 0x00, 0x00, 0x02, 0x00, 0x00, 0x00,
  0x2b, 0x00, 0x04, 0x00, 0x4c, 0x00, 0x00, 0x00, 0x35, 0x00, 0x00, 0x00,
  0x09, 0x00, 0x00, 0x00, 0x2b, 0x00, 0x04, 0x00, 0x4c, 0x00, 0x00, 0x00,
  0x36, 0x00, 0x00, 0x00, 0x0a, 0x00, 0x00, 0x00, 0x2b, 0x00, 0x04, 0x00,
  0x4c, 0x00, 0x00, 0x00, 0x39, 0x00, 0x00, 0x00, 0x0b, 0x00, 0x00, 0x00,
  0x2b, 0x00, 0x04, 0x00, 0x4c, 0x00, 0x00, 0x00, 0x3a, 0x00, 0x00, 0x00,
  0x0f, 0x00, 0x00, 0x00, 0x2b, 0x00, 0x04, 0x00, 0x4c, 0x00, 0x00, 0x00,
  0x3c, 0x00, 0x00, 0x00, 0x32, 0x00, 0x00, 0x00, 0x2b, 0x00, 0x04, 0x00,
  0x4c, 0x00, 0x00, 0x00, 0x3e, 0x00, 0x00, 0x00, 0x1b, 0x00, 0x00, 0x00,
  0x2b, 0x00, 0x04, 0x00, 0x4c, 0x00, 0x00, 0x00, 0x43, 0x00, 0x00, 0x00,
  0x0e, 0x00, 0x00, 0x00, 0x2b, 0x00, 0x04, 0x00, 0x4c, 0x00, 0x00, 0x00,
  0x48, 0x00, 0x00, 0x00, 0x13, 0x00, 0x00, 0x00, 0x21, 0x00, 0x03, 0x00,
  0x55, 0x00, 0x00, 0x00, 0x1e, 0x00, 0x00, 0x00, 0x2b, 0x00, 0x04, 0x00,
  0x4c, 0x00, 0x00, 0x00, 0x56, 0x00, 0x00, 0x00, 0x10, 0x00, 0x00, 0x00,
  0x2b, 0x00, 0x04, 0x00, 0x4c, 0x00, 0x00, 0x00, 0x57, 0x00, 0x00, 0x00,
  0x14, 0x00, 0x00, 0x00, 0x2b, 0x00, 0x04, 0x00, 0x4c, 0x00, 0x00, 0x00,
  0x58, 0x00, 0x00, 0x00, 0x2b, 0x00, 0x00, 0x00, 0x2b, 0x00, 0x04, 0x00,
  0x4c, 0x00, 0x00, 0x00, 0x59, 0x00, 0x00, 0x00, 0x0d, 0x00, 0x00, 0x00,
  0x2b, 0x00, 0x04, 0x00, 0x4c, 0x00, 0x00, 0x00, 0x5a, 0x00, 0x00, 0x00,
  0x1c, 0x00, 0x00, 0x00, 0x1b, 0x00, 0x03, 0x00, 0x1d, 0x00, 0x00, 0x00,
  0x19, 0x00, 0x00, 0x00, 0x2b, 0x00, 0x04, 0x00, 0x4c, 0x00, 0x00, 0x00,
  0x5b, 0x00, 0x00, 0x00, 0x39, 0x00, 0x00, 0x00, 0x3b, 0x00, 0x04, 0x00,
  0x4e, 0x00, 0x00, 0x00, 0x1a, 0x00, 0x00, 0x00, 0x00, 0x00, 0x00, 0x00,
  0x3b, 0x00, 0x04, 0x00, 0x4f, 0x00, 0x00, 0x00, 0x1c, 0x00, 0x00, 0x00,
  0x00, 0x00, 0x00, 0x00, 0x3b, 0x00, 0x04, 0x00, 0x51, 0x00, 0x00, 0x00,
  0x03, 0x00, 0x00, 0x00, 0x01, 0x00, 0x00, 0x00, 0x3b, 0x00, 0x04, 0x00,
  0x53, 0x00, 0x00, 0x00, 0x04, 0x00, 0x00, 0x00, 0x01, 0x00, 0x00, 0x00,
  0x3b, 0x00, 0x04, 0x00, 0x54, 0x00, 0x00, 0x00, 0x05, 0x00, 0x00, 0x00,
  0x03, 0x00, 0x00, 0x00, 0x0c, 0x00, 0x05, 0x00, 0x1e, 0x00, 0x00, 0x00,
  0x1f, 0x00, 0x00, 0x00, 0x01, 0x00, 0x00, 0x00, 0x00, 0x00, 0x00, 0x00,
  0x0c, 0x00, 0x05, 0x00, 0x1e, 0x00, 0x00, 0x00, 0x20, 0x00, 0x00, 0x00,
  0x01, 0x00, 0x00, 0x00, 0x1f, 0x00, 0x00, 0x00, 0x0c, 0x00, 0x07, 0x00,
  0x1e, 0x00, 0x00, 0x00, 0x21, 0x00, 0x00, 0x00, 0x01, 0x00, 0x00, 0x00,
  0x23, 0x00, 0x00, 0x00, 0x06, 0x00, 0x00, 0x00, 0x07, 0x00, 0x00, 0x00,
  0x0c, 0x00, 0x09, 0x00, 0x1e, 0x00, 0x00, 0x00, 0x22, 0x00, 0x00, 0x00,
  0x01, 0x00, 0x00, 0x00, 0x01, 0x00, 0x00, 0x00, 0x23, 0x00, 0x00, 0x00,
  0x24, 0x00, 0x00, 0x00, 0x21, 0x00, 0x00, 0x00, 0x25, 0x00, 0x00, 0x00,
  0x0c, 0x00, 0x09, 0x00, 0x1e, 0x00, 0x00, 0x00, 0x26, 0x00, 0x00, 0x00,
  0x01, 0x00, 0x00, 0x00, 0x02, 0x00, 0x00, 0x00, 0x08, 0x00, 0x00, 0x00,
  0x27, 0x00, 0x00, 0x00, 0x28, 0x00, 0x00, 0x00, 0x29, 0x00, 0x00, 0x00,
  0x0c, 0x00, 0x07, 0x00, 0x1e, 0x00, 0x00, 0x00, 0x2a, 0x00, 0x00, 0x00,
  0x01, 0x00, 0x00, 0x00, 0x06, 0x00, 0x00, 0x00, 0x26, 0x00, 0x00, 0x00,
  0x24, 0x00, 0x00, 0x00, 0x0c, 0x00, 0x0d, 0x00, 0x1e, 0x00, 0x00, 0x00,
  0x2b, 0x00, 0x00, 0x00, 0x01, 0x00, 0x00, 0x00, 0x0b, 0x00, 0x00, 0x00,
  0x09, 0x00, 0x00, 0x00, 0x2a, 0x00, 0x00, 0x00, 0x21, 0x00, 0x00, 0x00,
  0x2c, 0x00, 0x00, 0x00, 0x2d, 0x00, 0x00, 0x00, 0x29, 0x00, 0x00, 0x00,
  0x2e, 0x00, 0x00, 0x00, 0x28, 0x00, 0x00, 0x00, 0x0c, 0x00, 0x0f, 0x00,
  0x1e, 0x00, 0x00, 0x00, 0x2f, 0x00, 0x00, 0x00, 0x01, 0x00, 0x00, 0x00,
  0x0a, 0x00, 0x00, 0x00, 0x0a, 0x00, 0x00, 0x00, 0x23, 0x00, 0x00, 0x00,
  0x21, 0x00, 0x00, 0x00, 0x24, 0x00, 0x00, 0x00, 0x30, 0x00, 0x00, 0x00,
  0x22, 0x00, 0x00, 0x00, 0x0a, 0x00, 0x00, 0x00, 0x2e, 0x00, 0x00, 0x00,
  0x28, 0x00, 0x00, 0x00, 0x2b, 0x00, 0x00, 0x00, 0x0c, 0x00, 0x07, 0x00,
  0x1e, 0x00, 0x00, 0x00, 0x31, 0x00, 0x00, 0x00, 0x01, 0x00, 0x00, 0x00,
  0x06, 0x00, 0x00, 0x00, 0x26, 0x00, 0x00, 0x00, 0x32, 0x00, 0x00, 0x00,
  0x0c, 0x00, 0x09, 0x00, 0x1e, 0x00, 0x00, 0x00, 0x33, 0x00, 0x00, 0x00,
  0x01, 0x00, 0x00, 0x00, 0x08, 0x00, 0x00, 0x00, 0x28, 0x00, 0x00, 0x00,
  0x2f, 0x00, 0x00, 0x00, 0x31, 0x00, 0x00, 0x00, 0x2a, 0x00, 0x00, 0x00,
  0x0c, 0x00, 0x0e, 0x00, 0x1e, 0x00, 0x00, 0x00, 0x34, 0x00, 0x00, 0x00,
  0x01, 0x00, 0x00, 0x00, 0x14, 0x00, 0x00, 0x00, 0x0b, 0x00, 0x00, 0x00,
  0x33, 0x00, 0x00, 0x00, 0x21, 0x00, 0x00, 0x00, 0x35, 0x00, 0x00, 0x00,
  0x23, 0x00, 0x00, 0x00, 0x22, 0x00, 0x00, 0x00, 0x0c, 0x00, 0x00, 0x00,
  0x28, 0x00, 0x00, 0x00, 0x36, 0x00, 0x00, 0x00, 0x0c, 0x00, 0x09, 0x00,
  0x1e, 0x00, 0x00, 0x00, 0x37, 0x00, 0x00, 0x00, 0x01, 0x00, 0x00, 0x00,
  0x15, 0x00, 0x00, 0x00, 0x21, 0x00, 0x00, 0x00, 0x36, 0x00, 0x00, 0x00,
  0x23, 0x00, 0x00, 0x00, 0x34, 0x00, 0x00, 0x00, 0x0c, 0x00, 0x0c, 0x00,
  0x1e, 0x00, 0x00, 0x00, 0x38, 0x00, 0x00, 0x00, 0x01, 0x00, 0x00, 0x00,
  0x1a, 0x00, 0x00, 0x00, 0x0d, 0x00, 0x00, 0x00, 0x2f, 0x00, 0x00, 0x00,
  0x21, 0x00, 0x00, 0x00, 0x39, 0x00, 0x00, 0x00, 0x3a, 0x00, 0x00, 0x00,
  0x37, 0x00, 0x00, 0x00, 0x24, 0x00, 0x00, 0x00, 0x0c, 0x00, 0x0d, 0x00,
  0x1e, 0x00, 0x00, 0x00, 0x3b, 0x00, 0x00, 0x00, 0x01, 0x00, 0x00, 0x00,
  0x1a, 0x00, 0x00, 0x00, 0x09, 0x00, 0x00, 0x00, 0x2a, 0x00, 0x00, 0x00,
  0x21, 0x00, 0x00, 0x00, 0x35, 0x00, 0x00, 0x00, 0x3c, 0x00, 0x00, 0x00,
  0x34, 0x00, 0x00, 0x00, 0x24, 0x00, 0x00, 0x00, 0x32, 0x00, 0x00, 0x00,
  0x0c, 0x00, 0x0d, 0x00, 0x1e, 0x00, 0x00, 0x00, 0x3d, 0x00, 0x00, 0x00,
  0x01, 0x00, 0x00, 0x00, 0x1a, 0x00, 0x00, 0x00, 0x0e, 0x00, 0x00, 0x00,
  0x31, 0x00, 0x00, 0x00, 0x21, 0x00, 0x00, 0x00, 0x35, 0x00, 0x00, 0x00,
  0x3e, 0x00, 0x00, 0x00, 0x34, 0x00, 0x00, 0x00, 0x24, 0x00, 0x00, 0x00,
  0x23, 0x00, 0x00, 0x00, 0x0c, 0x00, 0x07, 0x00, 0x1e, 0x00, 0x00, 0x00,
  0x3f, 0x00, 0x00, 0x00, 0x01, 0x00, 0x00, 0x00, 0x08, 0x00, 0x00, 0x00,
  0x28, 0x00, 0x00, 0x00, 0x1e, 0x00, 0x00, 0x00, 0x0c, 0x00, 0x0e, 0x00,
  0x1e, 0x00, 0x00, 0x00, 0x40, 0x00, 0x00, 0x00, 0x01, 0x00, 0x00, 0x00,
  0x14, 0x00, 0x00, 0x00, 0x0f, 0x00, 0x00, 0x00, 0x3f, 0x00, 0x00, 0x00,
  0x21, 0x00, 0x00, 0x00, 0x35, 0x00, 0x00, 0x00, 0x23, 0x00, 0x00, 0x00,
  0x22, 0x00, 0x00, 0x00, 0x0c, 0x00, 0x00, 0x00, 0x28, 0x00, 0x00, 0x00,
  0x36, 0x00, 0x00, 0x00, 0x0c, 0x00, 0x0e, 0x00, 0x1e, 0x00, 0x00, 0x00,
  0x41, 0x00, 0x00, 0x00, 0x01, 0x00, 0x00, 0x00, 0x0a, 0x00, 0x00, 0x00,
  0x12, 0x00, 0x00, 0x00, 0x23, 0x00, 0x00, 0x00, 0x21, 0x00, 0x00, 0x00,
  0x29, 0x00, 0x00, 0x00, 0x29, 0x00, 0x00, 0x00, 0x22, 0x00, 0x00, 0x00,
  0x13, 0x00, 0x00, 0x00, 0x1f, 0x00, 0x00, 0x00, 0x28, 0x00, 0x00, 0x00,
  0x0c, 0x00, 0x0e, 0x00, 0x1e, 0x00, 0x00, 0x00, 0x42, 0x00, 0x00, 0x00,
  0x01, 0x00, 0x00, 0x00, 0x12, 0x00, 0x00, 0x00, 0x14, 0x00, 0x00, 0x00,
  0x41, 0x00, 0x00, 0x00, 0x21, 0x00, 0x00, 0x00, 0x32, 0x00, 0x00, 0x00,
  0x43, 0x00, 0x00, 0x00, 0x22, 0x00, 0x00, 0x00, 0x14, 0x00, 0x00, 0x00,
  0x1c, 0x00, 0x00, 0x00, 0x30, 0x00, 0x00, 0x00, 0x0c, 0x00, 0x0e, 0x00,
  0x1e, 0x00, 0x00, 0x00, 0x44, 0x00, 0x00, 0x00, 0x01, 0x00, 0x00, 0x00,
  0x0a, 0x00, 0x00, 0x00, 0x15, 0x00, 0x00, 0x00, 0x29, 0x00, 0x00, 0x00,
  0x21, 0x00, 0x00, 0x00, 0x29, 0x00, 0x00, 0x00, 0x29, 0x00, 0x00, 0x00,
  0x22, 0x00, 0x00, 0x00, 0x16, 0x00, 0x00, 0x00, 0x1f, 0x00, 0x00, 0x00,
  0x28, 0x00, 0x00, 0x00, 0x0c, 0x00, 0x0b, 0x00, 0x1e, 0x00, 0x00, 0x00,
  0x45, 0x00, 0x00, 0x00, 0x01, 0x00, 0x00, 0x00, 0x0f, 0x00, 0x00, 0x00,
  0x17, 0x00, 0x00, 0x00, 0x2a, 0x00, 0x00, 0x00, 0x1f, 0x00, 0x00, 0x00,
  0x21, 0x00, 0x00, 0x00, 0x29, 0x00, 0x00, 0x00, 0x29, 0x00, 0x00, 0x00,
  0x0c, 0x00, 0x07, 0x00, 0x1e, 0x00, 0x00, 0x00, 0x46, 0x00, 0x00, 0x00,
  0x01, 0x00, 0x00, 0x00, 0x0e, 0x00, 0x00, 0x00, 0x44, 0x00, 0x00, 0x00,
  0x45, 0x00, 0x00, 0x00, 0x0c, 0x00, 0x0e, 0x00, 0x1e, 0x00, 0x00, 0x00,
  0x47, 0x00, 0x00, 0x00, 0x01, 0x00, 0x00, 0x00, 0x12, 0x00, 0x00, 0x00,
  0x18, 0x00, 0x00, 0x00, 0x46, 0x00, 0x00, 0x00, 0x21, 0x00, 0x00, 0x00,
  0x23, 0x00, 0x00, 0x00, 0x48, 0x00, 0x00, 0x00, 0x22, 0x00, 0x00, 0x00,
  0x18, 0x00, 0x00, 0x00, 0x1a, 0x00, 0x00, 0x00, 0x30, 0x00, 0x00, 0x00,
  0x0c, 0x00, 0x09, 0x00, 0x1e, 0x00, 0x00, 0x00, 0x49, 0x00, 0x00, 0x00,
  0x01, 0x00, 0x00, 0x00, 0x6b, 0x00, 0x00, 0x00, 0x40, 0x00, 0x00, 0x00,
  0x22, 0x00, 0x00, 0x00, 0x10, 0x00, 0x00, 0x00, 0x11, 0x00, 0x00, 0x00,
  0x36, 0x00, 0x05, 0x00, 0x1e, 0x00, 0x00, 0x00, 0x02, 0x00, 0x00, 0x00,
  0x00, 0x00, 0x00, 0x00, 0x55, 0x00, 0x00, 0x00, 0xf8, 0x00, 0x02, 0x00,
  0x5c, 0x00, 0x00, 0x00, 0x0c, 0x00, 0x07, 0x00, 0x1e, 0x00, 0x00, 0x00,
  0x5d, 0x00, 0x00, 0x00, 0x01, 0x00, 0x00, 0x00, 0x65, 0x00, 0x00, 0x00,
  0x40, 0x00, 0x00, 0x00, 0x02, 0x00, 0x00, 0x00, 0x3d, 0x00, 0x04, 0x00,
  0x50, 0x00, 0x00, 0x00, 0x5e, 0x00, 0x00, 0x00, 0x03, 0x00, 0x00, 0x00,
  0x0c, 0x00, 0x08, 0x00, 0x1e, 0x00, 0x00, 0x00, 0x5f, 0x00, 0x00, 0x00,
  0x01, 0x00, 0x00, 0x00, 0x1d, 0x00, 0x00, 0x00, 0x3d, 0x00, 0x00, 0x00,
  0x5e, 0x00, 0x00, 0x00, 0x20, 0x00, 0x00, 0x00, 0x3d, 0x00, 0x04, 0x00,
  0x52, 0x00, 0x00, 0x00, 0x60, 0x00, 0x00, 0x00, 0x04, 0x00, 0x00, 0x00,
  0x0c, 0x00, 0x08, 0x00, 0x1e, 0x00, 0x00, 0x00, 0x61, 0x00, 0x00, 0x00,
  0x01, 0x00, 0x00, 0x00, 0x1d, 0x00, 0x00, 0x00, 0x3b, 0x00, 0x00, 0x00,
  0x60, 0x00, 0x00, 0x00, 0x20, 0x00, 0x00, 0x00, 0x0c, 0x00, 0x06, 0x00,
  0x1e, 0x00, 0x00, 0x00, 0x7e, 0x00, 0x00, 0x00, 0x01, 0x00, 0x00, 0x00,
  0x17, 0x00, 0x00, 0x00, 0x37, 0x00, 0x00, 0x00, 0x0c, 0x00, 0x0a, 0x00,
  0x1e, 0x00, 0x00, 0x00, 0x62, 0x00, 0x00, 0x00, 0x01, 0x00, 0x00, 0x00,
  0x67, 0x00, 0x00, 0x00, 0x21, 0x00, 0x00, 0x00, 0x59, 0x00, 0x00, 0x00,
  0x59, 0x00, 0x00, 0x00, 0x5a, 0x00, 0x00, 0x00, 0x5a, 0x00, 0x00, 0x00,
  0x3d, 0x00, 0x04, 0x00, 0x19, 0x00, 0x00, 0x00, 0x63, 0x00, 0x00, 0x00,
  0x1a, 0x00, 0x00, 0x00, 0x0c, 0x00, 0x0a, 0x00, 0x1e, 0x00, 0x00, 0x00,
  0x64, 0x00, 0x00, 0x00, 0x01, 0x00, 0x00, 0x00, 0x67, 0x00, 0x00, 0x00,
  0x21, 0x00, 0x00, 0x00, 0x59, 0x00, 0x00, 0x00, 0x59, 0x00, 0x00, 0x00,
  0x58, 0x00, 0x00, 0x00, 0x58, 0x00, 0x00, 0x00, 0x3d, 0x00, 0x04, 0x00,
  0x1b, 0x00, 0x00, 0x00, 0x65, 0x00, 0x00, 0x00, 0x1c, 0x00, 0x00, 0x00,
  0x0c, 0x00, 0x0a, 0x00, 0x1e, 0x00, 0x00, 0x00, 0x66, 0x00, 0x00, 0x00,
  0x01, 0x00, 0x00, 0x00, 0x67, 0x00, 0x00, 0x00, 0x21, 0x00, 0x00, 0x00,
  0x59, 0x00, 0x00, 0x00, 0x59, 0x00, 0x00, 0x00, 0x5a, 0x00, 0x00, 0x00,
  0x5b, 0x00, 0x00, 0x00, 0x56, 0x00, 0x05, 0x00, 0x1d, 0x00, 0x00, 0x00,
  0x67, 0x00, 0x00, 0x00, 0x63, 0x00, 0x00, 0x00, 0x65, 0x00, 0x00, 0x00,
  0x57, 0x00, 0x06, 0x00, 0x52, 0x00, 0x00, 0x00, 0x69, 0x00, 0x00, 0x00,
  0x67, 0x00, 0x00, 0x00, 0x5e, 0x00, 0x00, 0x00, 0x00, 0x00, 0x00, 0x00,
  0x0c, 0x00, 0x0a, 0x00, 0x1e, 0x00, 0x00, 0x00, 0x6a, 0x00, 0x00, 0x00,
  0x01, 0x00, 0x00, 0x00, 0x67, 0x00, 0x00, 0x00, 0x21, 0x00, 0x00, 0x00,
  0x59, 0x00, 0x00, 0x00, 0x59, 0x00, 0x00, 0x00, 0x57, 0x00, 0x00, 0x00,
  0x5b, 0x00, 0x00, 0x00, 0x85, 0x00, 0x05, 0x00, 0x52, 0x00, 0x00, 0x00,
  0x6b, 0x00, 0x00, 0x00, 0x60, 0x00, 0x00, 0x00, 0x69, 0x00, 0x00, 0x00,
  0x0c, 0x00, 0x0a, 0x00, 0x1e, 0x00, 0x00, 0x00, 0x6c, 0x00, 0x00, 0x00,
  0x01, 0x00, 0x00, 0x00, 0x67, 0x00, 0x00, 0x00, 0x21, 0x00, 0x00, 0x00,
  0x59, 0x00, 0x00, 0x00, 0x59, 0x00, 0x00, 0x00, 0x25, 0x00, 0x00, 0x00,
  0x5b, 0x00, 0x00, 0x00, 0x0c, 0x00, 0x09, 0x00, 0x1e, 0x00, 0x00, 0x00,
  0x6d, 0x00, 0x00, 0x00, 0x01, 0x00, 0x00, 0x00, 0x1d, 0x00, 0x00, 0x00,
  0x38, 0x00, 0x00, 0x00, 0x6b, 0x00, 0x00, 0x00, 0x20, 0x00, 0x00, 0x00,
  0x4b, 0x00, 0x00, 0x00, 0x0c, 0x00, 0x05, 0x00, 0x1e, 0x00, 0x00, 0x00,
  0x6e, 0x00, 0x00, 0x00, 0x01, 0x00, 0x00, 0x00, 0x68, 0x00, 0x00, 0x00,
  0x0c, 0x00, 0x05, 0x00, 0x1e, 0x00, 0x00, 0x00, 0x7f, 0x00, 0x00, 0x00,
  0x01, 0x00, 0x00, 0x00, 0x18, 0x00, 0x00, 0x00, 0x3e, 0x00, 0x03, 0x00,
  0x05, 0x00, 0x00, 0x00, 0x6b, 0x00, 0x00, 0x00, 0x0c, 0x00, 0x0a, 0x00,
  0x1e, 0x00, 0x00, 0x00, 0x6f, 0x00, 0x00, 0x00, 0x01, 0x00, 0x00, 0x00,
  0x67, 0x00, 0x00, 0x00, 0x21, 0x00, 0x00, 0x00, 0x56, 0x00, 0x00, 0x00,
  0x56, 0x00, 0x00, 0x00, 0x23, 0x00, 0x00, 0x00, 0x23, 0x00, 0x00, 0x00,
  0xfd, 0x00, 0x01, 0x00, 0x38, 0x00, 0x01, 0x00
};
unsigned int __nuklear_sdl3_gpu_FRAGMENT_SPIRV_len = 3668;

unsigned char __nuklear_sdl3_gpu_VERTEX_DXBC[] = {
  0x44, 0x58, 0x42, 0x43, 0x66, 0x88, 0x97, 0xf9, 0xac, 0x0a, 0xde, 0x04,
  0x39, 0x4e, 0x98, 0x00, 0x54, 0xfe, 0xbc, 0x80, 0x01, 0x00, 0x00, 0x00,
  0x24, 0x07, 0x00, 0x00, 0x05, 0x00, 0x00, 0x00, 0x34, 0x00, 0x00, 0x00,
  0xb0, 0x00, 0x00, 0x00, 0x2c, 0x01, 0x00, 0x00, 0x44, 0x02, 0x00, 0x00,
  0x88, 0x06, 0x00, 0x00, 0x49, 0x53, 0x47, 0x4e, 0x74, 0x00, 0x00, 0x00,
  0x03, 0x00, 0x00, 0x00, 0x08, 0x00, 0x00, 0x00, 0x50, 0x00, 0x00, 0x00,
  0x00, 0x00, 0x00, 0x00, 0x00, 0x00, 0x00, 0x00, 0x03, 0x00, 0x00, 0x00,
  0x00, 0x00, 0x00, 0x00, 0x03, 0x03, 0x00, 0x00, 0x5c, 0x00, 0x00, 0x00,
  0x01, 0x00, 0x00, 0x00, 0x00, 0x00, 0x00, 0x00, 0x03, 0x00, 0x00, 0x00,
  0x01, 0x00, 0x00, 0x00, 0x03, 0x03, 0x00, 0x00, 0x68, 0x00, 0x00, 0x00,
  0x02, 0x00, 0x00, 0x00, 0x00, 0x00, 0x00, 0x00, 0x03, 0x00, 0x00, 0x00,
  0x02, 0x00, 0x00, 0x00, 0x0f, 0x0f, 0x00, 0x00, 0x54, 0x45, 0x58, 0x43,
  0x4f, 0x4f, 0x52, 0x44, 0x00, 0xab, 0xab, 0xab, 0x54, 0x45, 0x58, 0x43,
  0x4f, 0x4f, 0x52, 0x44, 0x00, 0xab, 0xab, 0xab, 0x54, 0x45, 0x58, 0x43,
  0x4f, 0x4f, 0x52, 0x44, 0x00, 0xab, 0xab, 0xab, 0x4f, 0x53, 0x47, 0x4e,
  0x74, 0x00, 0x00, 0x00, 0x03, 0x00, 0x00, 0x00, 0x08, 0x00, 0x00, 0x00,
  0x50, 0x00, 0x00, 0x00, 0x00, 0x00, 0x00, 0x00, 0x00, 0x00, 0x00, 0x00,
  0x03, 0x00, 0x00, 0x00, 0x00, 0x00, 0x00, 0x00, 0x03, 0x0c, 0x00, 0x00,
  0x5c, 0x00, 0x00, 0x00, 0x01, 0x00, 0x00, 0x00, 0x00, 0x00, 0x00, 0x00,
  0x03, 0x00, 0x00, 0x00, 0x01, 0x00, 0x00, 0x00, 0x0f, 0x00, 0x00, 0x00,
  0x68, 0x00, 0x00, 0x00, 0x00, 0x00, 0x00, 0x00, 0x01, 0x00, 0x00, 0x00,
  0x03, 0x00, 0x00, 0x00, 0x02, 0x00, 0x00, 0x00, 0x0f, 0x00, 0x00, 0x00,
  0x54, 0x45, 0x58, 0x43, 0x4f, 0x4f, 0x52, 0x44, 0x00, 0xab, 0xab, 0xab,
  0x54, 0x45, 0x58, 0x43, 0x4f, 0x4f, 0x52, 0x44, 0x00, 0xab, 0xab, 0xab,
  0x53, 0x56, 0x5f, 0x50, 0x6f, 0x73, 0x69, 0x74, 0x69, 0x6f, 0x6e, 0x00,
  0x52, 0x44, 0x45, 0x46, 0x10, 0x01, 0x00, 0x00, 0x01, 0x00, 0x00, 0x00,
  0x70, 0x00, 0x00, 0x00, 0x01, 0x00, 0x00, 0x00, 0x3c, 0x00, 0x00, 0x00,
  0x01, 0x05, 0xfe, 0xff, 0x00, 0x00, 0x00, 0x00, 0xfc, 0x00, 0x00, 0x00,
  0x13, 0x13, 0x44, 0x25, 0x3c, 0x00, 0x00, 0x00, 0x18, 0x00, 0x00, 0x00,
  0x28, 0x00, 0x00, 0x00, 0x28, 0x00, 0x00, 0x00, 0x24, 0x00, 0x00, 0x00,
  0x0c, 0x00, 0x00, 0x00, 0x00, 0x00, 0x00, 0x00, 0x64, 0x00, 0x00, 0x00,
  0x00, 0x00, 0x00, 0x00, 0x00, 0x00, 0x00, 0x00, 0x00, 0x00, 0x00, 0x00,
  0x00, 0x00, 0x00, 0x00, 0x00, 0x00, 0x00, 0x00, 0x01, 0x00, 0x00, 0x00,
  0x01, 0x00, 0x00, 0x00, 0x01, 0x00, 0x00, 0x00, 0x00, 0x00, 0x00, 0x00,
  0x74, 0x79, 0x70, 0x65, 0x5f, 0x55, 0x42, 0x4f, 0x00, 0xab, 0xab, 0xab,
  0x88, 0x00, 0x00, 0x00, 0x01, 0x00, 0x00, 0x00, 0x94, 0x00, 0x00, 0x00,
  0x40, 0x00, 0x00, 0x00, 0x00, 0x00, 0x00, 0x00, 0x00, 0x00, 0x00, 0x00,
  0x74, 0x79, 0x70, 0x65, 0x5f, 0x55, 0x42, 0x4f, 0x00, 0xab, 0xab, 0xab,
  0xbc, 0x00, 0x00, 0x00, 0x00, 0x00, 0x00, 0x00, 0x40, 0x00, 0x00, 0x00,
  0x02, 0x00, 0x00, 0x00, 0xd8, 0x00, 0x00, 0x00, 0x00, 0x00, 0x00, 0x00,
  0x00, 0x00, 0x00, 0x00, 0x00, 0x00, 0x00, 0x00, 0x00, 0x00, 0x00, 0x00,
  0x00, 0x00, 0x00, 0x00, 0x55, 0x42, 0x4f, 0x5f, 0x74, 0x72, 0x61, 0x6e,
  0x73, 0x66, 0x6f, 0x72, 0x6d, 0x00, 0xab, 0xab, 0x66, 0x6c, 0x6f, 0x61,
  0x74, 0x34, 0x78, 0x34, 0x00, 0xab, 0xab, 0xab, 0x03, 0x00, 0x03, 0x00,
  0x04, 0x00, 0x04, 0x00, 0x00, 0x00, 0x00, 0x00, 0x01, 0x00, 0x00, 0x00,
  0x00, 0x00, 0x00, 0x00, 0x00, 0x00, 0x00, 0x00, 0x00, 0x00, 0x00, 0x00,
  0x00, 0x00, 0x00, 0x00, 0xcc, 0x00, 0x00, 0x00, 0x76, 0x6b, 0x64, 0x33,
  0x64, 0x2d, 0x73, 0x68, 0x61, 0x64, 0x65, 0x72, 0x20, 0x31, 0x2e, 0x31,
  0x38, 0x00, 0xab, 0xab, 0x53, 0x48, 0x44, 0x52, 0x3c, 0x04, 0x00, 0x00,
  0x51, 0x00, 0x01, 0x00, 0x0f, 0x01, 0x00, 0x00, 0x59, 0x00, 0x00, 0x07,
  0x46, 0x8e, 0x30, 0x00, 0x00, 0x00, 0x00, 0x00, 0x00, 0x00, 0x00, 0x00,
  0x00, 0x00, 0x00, 0x00, 0x04, 0x00, 0x00, 0x00, 0x01, 0x00, 0x00, 0x00,
  0x65, 0x00, 0x00, 0x03, 0x32, 0x20, 0x10, 0x00, 0x00, 0x00, 0x00, 0x00,
  0x65, 0x00, 0x00, 0x03, 0xf2, 0x20, 0x10, 0x00, 0x01, 0x00, 0x00, 0x00,
  0x67, 0x00, 0x00, 0x04, 0xf2, 0x20, 0x10, 0x00, 0x02, 0x00, 0x00, 0x00,
  0x01, 0x00, 0x00, 0x00, 0x5f, 0x00, 0x00, 0x03, 0x32, 0x10, 0x10, 0x00,
  0x00, 0x00, 0x00, 0x00, 0x5f, 0x00, 0x00, 0x03, 0x32, 0x10, 0x10, 0x00,
  0x01, 0x00, 0x00, 0x00, 0x5f, 0x00, 0x00, 0x03, 0xf2, 0x10, 0x10, 0x00,
  0x02, 0x00, 0x00, 0x00, 0x68, 0x00, 0x00, 0x02, 0x02, 0x00, 0x00, 0x00,
  0x38, 0x00, 0x00, 0x09, 0x12, 0x00, 0x10, 0x00, 0x00, 0x00, 0x00, 0x00,
  0x06, 0x80, 0x30, 0x00, 0x00, 0x00, 0x00, 0x00, 0x00, 0x00, 0x00, 0x00,
  0x00, 0x00, 0x00, 0x00, 0x06, 0x10, 0x10, 0x00, 0x00, 0x00, 0x00, 0x00,
  0x38, 0x00, 0x00, 0x09, 0x22, 0x00, 0x10, 0x00, 0x00, 0x00, 0x00, 0x00,
  0x06, 0x80, 0x30, 0x00, 0x00, 0x00, 0x00, 0x00, 0x00, 0x00, 0x00, 0x00,
  0x01, 0x00, 0x00, 0x00, 0x56, 0x15, 0x10, 0x00, 0x00, 0x00, 0x00, 0x00,
  0x00, 0x00, 0x00, 0x07, 0x12, 0x00, 0x10, 0x00, 0x00, 0x00, 0x00, 0x00,
  0x06, 0x00, 0x10, 0x00, 0x00, 0x00, 0x00, 0x00, 0x56, 0x05, 0x10, 0x00,
  0x00, 0x00, 0x00, 0x00, 0x38, 0x00, 0x00, 0x09, 0x22, 0x00, 0x10, 0x00,
  0x00, 0x00, 0x00, 0x00, 0x06, 0x80, 0x30, 0x00, 0x00, 0x00, 0x00, 0x00,
  0x00, 0x00, 0x00, 0x00, 0x02, 0x00, 0x00, 0x00, 0x01, 0x40, 0x00, 0x00,
  0x00, 0x00, 0x00, 0x00, 0x00, 0x00, 0x00, 0x07, 0x12, 0x00, 0x10, 0x00,
  0x00, 0x00, 0x00, 0x00, 0x06, 0x00, 0x10, 0x00, 0x00, 0x00, 0x00, 0x00,
  0x56, 0x05, 0x10, 0x00, 0x00, 0x00, 0x00, 0x00, 0x00, 0x00, 0x00, 0x09,
  0x12, 0x00, 0x10, 0x00, 0x00, 0x00, 0x00, 0x00, 0x06, 0x00, 0x10, 0x00,
  0x00, 0x00, 0x00, 0x00, 0x06, 0x80, 0x30, 0x00, 0x00, 0x00, 0x00, 0x00,
  0x00, 0x00, 0x00, 0x00, 0x03, 0x00, 0x00, 0x00, 0x38, 0x00, 0x00, 0x09,
  0x22, 0x00, 0x10, 0x00, 0x00, 0x00, 0x00, 0x00, 0x56, 0x85, 0x30, 0x00,
  0x00, 0x00, 0x00, 0x00, 0x00, 0x00, 0x00, 0x00, 0x00, 0x00, 0x00, 0x00,
  0x06, 0x10, 0x10, 0x00, 0x00, 0x00, 0x00, 0x00, 0x38, 0x00, 0x00, 0x09,
  0x42, 0x00, 0x10, 0x00, 0x00, 0x00, 0x00, 0x00, 0x56, 0x85, 0x30, 0x00,
  0x00, 0x00, 0x00, 0x00, 0x00, 0x00, 0x00, 0x00, 0x01, 0x00, 0x00, 0x00,
  0x56, 0x15, 0x10, 0x00, 0x00, 0x00, 0x00, 0x00, 0x00, 0x00, 0x00, 0x07,
  0x22, 0x00, 0x10, 0x00, 0x00, 0x00, 0x00, 0x00, 0x56, 0x05, 0x10, 0x00,
  0x00, 0x00, 0x00, 0x00, 0xa6, 0x0a, 0x10, 0x00, 0x00, 0x00, 0x00, 0x00,
  0x38, 0x00, 0x00, 0x09, 0x42, 0x00, 0x10, 0x00, 0x00, 0x00, 0x00, 0x00,
  0x56, 0x85, 0x30, 0x00, 0x00, 0x00, 0x00, 0x00, 0x00, 0x00, 0x00, 0x00,
  0x02, 0x00, 0x00, 0x00, 0x01, 0x40, 0x00, 0x00, 0x00, 0x00, 0x00, 0x00,
  0x00, 0x00, 0x00, 0x07, 0x22, 0x00, 0x10, 0x00, 0x00, 0x00, 0x00, 0x00,
  0x56, 0x05, 0x10, 0x00, 0x00, 0x00, 0x00, 0x00, 0xa6, 0x0a, 0x10, 0x00,
  0x00, 0x00, 0x00, 0x00, 0x00, 0x00, 0x00, 0x09, 0x22, 0x00, 0x10, 0x00,
  0x00, 0x00, 0x00, 0x00, 0x56, 0x05, 0x10, 0x00, 0x00, 0x00, 0x00, 0x00,
  0x56, 0x85, 0x30, 0x00, 0x00, 0x00, 0x00, 0x00, 0x00, 0x00, 0x00, 0x00,
  0x03, 0x00, 0x00, 0x00, 0x38, 0x00, 0x00, 0x09, 0x42, 0x00, 0x10, 0x00,
  0x00, 0x00, 0x00, 0x00, 0xa6, 0x8a, 0x30, 0x00, 0x00, 0x00, 0x00, 0x00,
  0x00, 0x00, 0x00, 0x00, 0x00, 0x00, 0x00, 0x00, 0x06, 0x10, 0x10, 0x00,
  0x00, 0x00, 0x00, 0x00, 0x38, 0x00, 0x00, 0x09, 0x82, 0x00, 0x10, 0x00,
  0x00, 0x00, 0x00, 0x00, 0xa6, 0x8a, 0x30, 0x00, 0x00, 0x00, 0x00, 0x00,
  0x00, 0x00, 0x00, 0x00, 0x01, 0x00, 0x00, 0x00, 0x56, 0x15, 0x10, 0x00,
  0x00, 0x00, 0x00, 0x00, 0x00, 0x00, 0x00, 0x07, 0x42, 0x00, 0x10, 0x00,
  0x00, 0x00, 0x00, 0x00, 0xa6, 0x0a, 0x10, 0x00, 0x00, 0x00, 0x00, 0x00,
  0xf6, 0x0f, 0x10, 0x00, 0x00, 0x00, 0x00, 0x00, 0x38, 0x00, 0x00, 0x09,
  0x82, 0x00, 0x10, 0x00, 0x00, 0x00, 0x00, 0x00, 0xa6, 0x8a, 0x30, 0x00,
  0x00, 0x00, 0x00, 0x00, 0x00, 0x00, 0x00, 0x00, 0x02, 0x00, 0x00, 0x00,
  0x01, 0x40, 0x00, 0x00, 0x00, 0x00, 0x00, 0x00, 0x00, 0x00, 0x00, 0x07,
  0x42, 0x00, 0x10, 0x00, 0x00, 0x00, 0x00, 0x00, 0xa6, 0x0a, 0x10, 0x00,
  0x00, 0x00, 0x00, 0x00, 0xf6, 0x0f, 0x10, 0x00, 0x00, 0x00, 0x00, 0x00,
  0x00, 0x00, 0x00, 0x09, 0x42, 0x00, 0x10, 0x00, 0x00, 0x00, 0x00, 0x00,
  0xa6, 0x0a, 0x10, 0x00, 0x00, 0x00, 0x00, 0x00, 0xa6, 0x8a, 0x30, 0x00,
  0x00, 0x00, 0x00, 0x00, 0x00, 0x00, 0x00, 0x00, 0x03, 0x00, 0x00, 0x00,
  0x38, 0x00, 0x00, 0x09, 0x82, 0x00, 0x10, 0x00, 0x00, 0x00, 0x00, 0x00,
  0xf6, 0x8f, 0x30, 0x00, 0x00, 0x00, 0x00, 0x00, 0x00, 0x00, 0x00, 0x00,
  0x00, 0x00, 0x00, 0x00, 0x06, 0x10, 0x10, 0x00, 0x00, 0x00, 0x00, 0x00,
  0x38, 0x00, 0x00, 0x09, 0x12, 0x00, 0x10, 0x00, 0x01, 0x00, 0x00, 0x00,
  0xf6, 0x8f, 0x30, 0x00, 0x00, 0x00, 0x00, 0x00, 0x00, 0x00, 0x00, 0x00,
  0x01, 0x00, 0x00, 0x00, 0x56, 0x15, 0x10, 0x00, 0x00, 0x00, 0x00, 0x00,
  0x00, 0x00, 0x00, 0x07, 0x82, 0x00, 0x10, 0x00, 0x00, 0x00, 0x00, 0x00,
  0xf6, 0x0f, 0x10, 0x00, 0x00, 0x00, 0x00, 0x00, 0x06, 0x00, 0x10, 0x00,
  0x01, 0x00, 0x00, 0x00, 0x38, 0x00, 0x00, 0x09, 0x12, 0x00, 0x10, 0x00,
  0x01, 0x00, 0x00, 0x00, 0xf6, 0x8f, 0x30, 0x00, 0x00, 0x00, 0x00, 0x00,
  0x00, 0x00, 0x00, 0x00, 0x02, 0x00, 0x00, 0x00, 0x01, 0x40, 0x00, 0x00,
  0x00, 0x00, 0x00, 0x00, 0x00, 0x00, 0x00, 0x07, 0x82, 0x00, 0x10, 0x00,
  0x00, 0x00, 0x00, 0x00, 0xf6, 0x0f, 0x10, 0x00, 0x00, 0x00, 0x00, 0x00,
  0x06, 0x00, 0x10, 0x00, 0x01, 0x00, 0x00, 0x00, 0x00, 0x00, 0x00, 0x09,
  0x82, 0x00, 0x10, 0x00, 0x00, 0x00, 0x00, 0x00, 0xf6, 0x0f, 0x10, 0x00,
  0x00, 0x00, 0x00, 0x00, 0xf6, 0x8f, 0x30, 0x00, 0x00, 0x00, 0x00, 0x00,
  0x00, 0x00, 0x00, 0x00, 0x03, 0x00, 0x00, 0x00, 0x36, 0x00, 0x00, 0x05,
  0x12, 0x00, 0x10, 0x00, 0x01, 0x00, 0x00, 0x00, 0x06, 0x00, 0x10, 0x00,
  0x00, 0x00, 0x00, 0x00, 0x36, 0x00, 0x00, 0x05, 0x22, 0x00, 0x10, 0x00,
  0x01, 0x00, 0x00, 0x00, 0x56, 0x05, 0x10, 0x00, 0x00, 0x00, 0x00, 0x00,
  0x36, 0x00, 0x00, 0x05, 0x42, 0x00, 0x10, 0x00, 0x01, 0x00, 0x00, 0x00,
  0xa6, 0x0a, 0x10, 0x00, 0x00, 0x00, 0x00, 0x00, 0x36, 0x00, 0x00, 0x05,
  0x82, 0x00, 0x10, 0x00, 0x01, 0x00, 0x00, 0x00, 0xf6, 0x0f, 0x10, 0x00,
  0x00, 0x00, 0x00, 0x00, 0x36, 0x00, 0x00, 0x05, 0xf2, 0x00, 0x10, 0x00,
  0x00, 0x00, 0x00, 0x00, 0x46, 0x0e, 0x10, 0x00, 0x01, 0x00, 0x00, 0x00,
  0x36, 0x00, 0x00, 0x05, 0x32, 0x20, 0x10, 0x00, 0x00, 0x00, 0x00, 0x00,
  0x46, 0x10, 0x10, 0x00, 0x01, 0x00, 0x00, 0x00, 0x36, 0x00, 0x00, 0x05,
  0xf2, 0x20, 0x10, 0x00, 0x01, 0x00, 0x00, 0x00, 0x46, 0x1e, 0x10, 0x00,
  0x02, 0x00, 0x00, 0x00, 0x36, 0x00, 0x00, 0x05, 0xf2, 0x20, 0x10, 0x00,
  0x02, 0x00, 0x00, 0x00, 0x46, 0x0e, 0x10, 0x00, 0x00, 0x00, 0x00, 0x00,
  0x3e, 0x00, 0x00, 0x01, 0x53, 0x54, 0x41, 0x54, 0x94, 0x00, 0x00, 0x00,
  0x29, 0x00, 0x00, 0x00, 0x02, 0x00, 0x00, 0x00, 0x00, 0x00, 0x00, 0x00,
  0x00, 0x00, 0x00, 0x00, 0x18, 0x00, 0x00, 0x00, 0x00, 0x00, 0x00, 0x00,
  0x00, 0x00, 0x00, 0x00, 0x00, 0x00, 0x00, 0x00, 0x00, 0x00, 0x00, 0x00,
  0x00, 0x00, 0x00, 0x00, 0x00, 0x00, 0x00, 0x00, 0x00, 0x00, 0x00, 0x00,
  0x00, 0x00, 0x00, 0x00, 0x00, 0x00, 0x00, 0x00, 0x00, 0x00, 0x00, 0x00,
  0x00, 0x00, 0x00, 0x00, 0x00, 0x00, 0x00, 0x00, 0x00, 0x00, 0x00, 0x00,
  0x00, 0x00, 0x00, 0x00, 0x08, 0x00, 0x00, 0x00, 0x00, 0x00, 0x00, 0x00,
  0x00, 0x00, 0x00, 0x00, 0x00, 0x00, 0x00, 0x00, 0x00, 0x00, 0x00, 0x00,
  0x00, 0x00, 0x00, 0x00, 0x00, 0x00, 0x00, 0x00, 0x00, 0x00, 0x00, 0x00,
  0x00, 0x00, 0x00, 0x00, 0x00, 0x00, 0x00, 0x00, 0x00, 0x00, 0x00, 0x00,
  0x00, 0x00, 0x00, 0x00, 0x00, 0x00, 0x00, 0x00, 0x00, 0x00, 0x00, 0x00,
  0x00, 0x00, 0x00, 0x00, 0x00, 0x00, 0x00, 0x00, 0x00, 0x00, 0x00, 0x00,
  0x00, 0x00, 0x00, 0x00
};
unsigned int __nuklear_sdl3_gpu_VERTEX_DXBC_len = 1828;
unsigned char __nuklear_sdl3_gpu_FRAGMENT_DXBC[] = {
  0x44, 0x58, 0x42, 0x43, 0x2b, 0x2c, 0x4d, 0xf4, 0x32, 0x8a, 0x5c, 0x87,
  0xe8, 0x38, 0x5f, 0x2f, 0xab, 0x2c, 0xeb, 0x2e, 0x01, 0x00, 0x00, 0x00,
  0xe4, 0x02, 0x00, 0x00, 0x05, 0x00, 0x00, 0x00, 0x34, 0x00, 0x00, 0x00,
  0x8c, 0x00, 0x00, 0x00, 0xc0, 0x00, 0x00, 0x00, 0x78, 0x01, 0x00, 0x00,
  0x48, 0x02, 0x00, 0x00, 0x49, 0x53, 0x47, 0x4e, 0x50, 0x00, 0x00, 0x00,
  0x02, 0x00, 0x00, 0x00, 0x08, 0x00, 0x00, 0x00, 0x38, 0x00, 0x00, 0x00,
  0x00, 0x00, 0x00, 0x00, 0x00, 0x00, 0x00, 0x00, 0x03, 0x00, 0x00, 0x00,
  0x00, 0x00, 0x00, 0x00, 0x03, 0x03, 0x00, 0x00, 0x44, 0x00, 0x00, 0x00,
  0x01, 0x00, 0x00, 0x00, 0x00, 0x00, 0x00, 0x00, 0x03, 0x00, 0x00, 0x00,
  0x01, 0x00, 0x00, 0x00, 0x0f, 0x0f, 0x00, 0x00, 0x54, 0x45, 0x58, 0x43,
  0x4f, 0x4f, 0x52, 0x44, 0x00, 0xab, 0xab, 0xab, 0x54, 0x45, 0x58, 0x43,
  0x4f, 0x4f, 0x52, 0x44, 0x00, 0xab, 0xab, 0xab, 0x4f, 0x53, 0x47, 0x4e,
  0x2c, 0x00, 0x00, 0x00, 0x01, 0x00, 0x00, 0x00, 0x08, 0x00, 0x00, 0x00,
  0x20, 0x00, 0x00, 0x00, 0x00, 0x00, 0x00, 0x00, 0x00, 0x00, 0x00, 0x00,
  0x03, 0x00, 0x00, 0x00, 0x00, 0x00, 0x00, 0x00, 0x0f, 0x00, 0x00, 0x00,
  0x53, 0x56, 0x5f, 0x54, 0x61, 0x72, 0x67, 0x65, 0x74, 0x00, 0xab, 0xab,
  0x52, 0x44, 0x45, 0x46, 0xb0, 0x00, 0x00, 0x00, 0x00, 0x00, 0x00, 0x00,
  0x9c, 0x00, 0x00, 0x00, 0x02, 0x00, 0x00, 0x00, 0x3c, 0x00, 0x00, 0x00,
  0x01, 0x05, 0xff, 0xff, 0x00, 0x00, 0x00, 0x00, 0x9c, 0x00, 0x00, 0x00,
  0x13, 0x13, 0x44, 0x25, 0x3c, 0x00, 0x00, 0x00, 0x18, 0x00, 0x00, 0x00,
  0x28, 0x00, 0x00, 0x00, 0x28, 0x00, 0x00, 0x00, 0x24, 0x00, 0x00, 0x00,
  0x0c, 0x00, 0x00, 0x00, 0x00, 0x00, 0x00, 0x00, 0x8c, 0x00, 0x00, 0x00,
  0x03, 0x00, 0x00, 0x00, 0x00, 0x00, 0x00, 0x00, 0x00, 0x00, 0x00, 0x00,
  0x00, 0x00, 0x00, 0x00, 0x00, 0x00, 0x00, 0x00, 0x01, 0x00, 0x00, 0x00,
  0x00, 0x00, 0x00, 0x00, 0x02, 0x00, 0x00, 0x00, 0x00, 0x00, 0x00, 0x00,
  0x94, 0x00, 0x00, 0x00, 0x02, 0x00, 0x00, 0x00, 0x05, 0x00, 0x00, 0x00,
  0x04, 0x00, 0x00, 0x00, 0xff, 0xff, 0xff, 0xff, 0x00, 0x00, 0x00, 0x00,
  0x01, 0x00, 0x00, 0x00, 0x0c, 0x00, 0x00, 0x00, 0x02, 0x00, 0x00, 0x00,
  0x00, 0x00, 0x00, 0x00, 0x53, 0x61, 0x6d, 0x70, 0x6c, 0x65, 0x72, 0x00,
  0x54, 0x65, 0x78, 0x74, 0x75, 0x72, 0x65, 0x00, 0x76, 0x6b, 0x64, 0x33,
  0x64, 0x2d, 0x73, 0x68, 0x61, 0x64, 0x65, 0x72, 0x20, 0x31, 0x2e, 0x31,
  0x38, 0x00, 0xab, 0xab, 0x53, 0x48, 0x44, 0x52, 0xc8, 0x00, 0x00, 0x00,
  0x51, 0x00, 0x00, 0x00, 0x32, 0x00, 0x00, 0x00, 0x68, 0x00, 0x00, 0x02,
  0x01, 0x00, 0x00, 0x00, 0x5a, 0x00, 0x00, 0x06, 0x00, 0x60, 0x30, 0x00,
  0x00, 0x00, 0x00, 0x00, 0x00, 0x00, 0x00, 0x00, 0x00, 0x00, 0x00, 0x00,
  0x02, 0x00, 0x00, 0x00, 0x58, 0x18, 0x00, 0x07, 0x01, 0x70, 0x30, 0x00,
  0x00, 0x00, 0x00, 0x00, 0x00, 0x00, 0x00, 0x00, 0x00, 0x00, 0x00, 0x00,
  0x55, 0x55, 0x00, 0x00, 0x02, 0x00, 0x00, 0x00, 0x65, 0x00, 0x00, 0x03,
  0xf2, 0x20, 0x10, 0x00, 0x00, 0x00, 0x00, 0x00, 0x62, 0x10, 0x00, 0x03,
  0x32, 0x10, 0x10, 0x00, 0x00, 0x00, 0x00, 0x00, 0x62, 0x10, 0x00, 0x03,
  0xf2, 0x10, 0x10, 0x00, 0x01, 0x00, 0x00, 0x00, 0x45, 0x00, 0x00, 0x0b,
  0xf2, 0x00, 0x10, 0x00, 0x00, 0x00, 0x00, 0x00, 0x46, 0x10, 0x10, 0x00,
  0x00, 0x00, 0x00, 0x00, 0x46, 0x7e, 0x20, 0x00, 0x00, 0x00, 0x00, 0x00,
  0x00, 0x00, 0x00, 0x00, 0x00, 0x60, 0x20, 0x00, 0x00, 0x00, 0x00, 0x00,
  0x00, 0x00, 0x00, 0x00, 0x38, 0x00, 0x00, 0x07, 0xf2, 0x00, 0x10, 0x00,
  0x00, 0x00, 0x00, 0x00, 0x46, 0x1e, 0x10, 0x00, 0x01, 0x00, 0x00, 0x00,
  0x46, 0x0e, 0x10, 0x00, 0x00, 0x00, 0x00, 0x00, 0x36, 0x00, 0x00, 0x05,
  0xf2, 0x20, 0x10, 0x00, 0x00, 0x00, 0x00, 0x00, 0x46, 0x0e, 0x10, 0x00,
  0x00, 0x00, 0x00, 0x00, 0x3e, 0x00, 0x00, 0x01, 0x53, 0x54, 0x41, 0x54,
  0x94, 0x00, 0x00, 0x00, 0x0a, 0x00, 0x00, 0x00, 0x01, 0x00, 0x00, 0x00,
  0x00, 0x00, 0x00, 0x00, 0x00, 0x00, 0x00, 0x00, 0x01, 0x00, 0x00, 0x00,
  0x00, 0x00, 0x00, 0x00, 0x00, 0x00, 0x00, 0x00, 0x00, 0x00, 0x00, 0x00,
  0x00, 0x00, 0x00, 0x00, 0x00, 0x00, 0x00, 0x00, 0x00, 0x00, 0x00, 0x00,
  0x00, 0x00, 0x00, 0x00, 0x00, 0x00, 0x00, 0x00, 0x00, 0x00, 0x00, 0x00,
  0x01, 0x00, 0x00, 0x00, 0x00, 0x00, 0x00, 0x00, 0x00, 0x00, 0x00, 0x00,
  0x00, 0x00, 0x00, 0x00, 0x00, 0x00, 0x00, 0x00, 0x01, 0x00, 0x00, 0x00,
  0x00, 0x00, 0x00, 0x00, 0x00, 0x00, 0x00, 0x00, 0x00, 0x00, 0x00, 0x00,
  0x00, 0x00, 0x00, 0x00, 0x00, 0x00, 0x00, 0x00, 0x00, 0x00, 0x00, 0x00,
  0x00, 0x00, 0x00, 0x00, 0x00, 0x00, 0x00, 0x00, 0x00, 0x00, 0x00, 0x00,
  0x00, 0x00, 0x00, 0x00, 0x00, 0x00, 0x00, 0x00, 0x00, 0x00, 0x00, 0x00,
  0x00, 0x00, 0x00, 0x00, 0x00, 0x00, 0x00, 0x00, 0x00, 0x00, 0x00, 0x00,
  0x00, 0x00, 0x00, 0x00, 0x00, 0x00, 0x00, 0x00
};
unsigned int __nuklear_sdl3_gpu_FRAGMENT_DXBC_len = 740;

unsigned char __nuklear_sdl3_gpu_VERTEX_DXIL[] = {
  0x44, 0x58, 0x42, 0x43, 0xf6, 0x34, 0x5c, 0x2b, 0x64, 0x22, 0x4e, 0xdb,
  0xc3, 0xc6, 0x27, 0xa5, 0x77, 0xed, 0x34, 0x51, 0x01, 0x00, 0x00, 0x00,
  0xb8, 0x10, 0x00, 0x00, 0x08, 0x00, 0x00, 0x00, 0x40, 0x00, 0x00, 0x00,
  0x50, 0x00, 0x00, 0x00, 0xcc, 0x00, 0x00, 0x00, 0x54, 0x01, 0x00, 0x00,
  0x94, 0x02, 0x00, 0x00, 0xf8, 0x08, 0x00, 0x00, 0x2c, 0x09, 0x00, 0x00,
  0x48, 0x09, 0x00, 0x00, 0x53, 0x46, 0x49, 0x30, 0x08, 0x00, 0x00, 0x00,
  0x00, 0x00, 0x00, 0x00, 0x00, 0x00, 0x00, 0x00, 0x49, 0x53, 0x47, 0x31,
  0x74, 0x00, 0x00, 0x00, 0x03, 0x00, 0x00, 0x00, 0x08, 0x00, 0x00, 0x00,
  0x00, 0x00, 0x00, 0x00, 0x68, 0x00, 0x00, 0x00, 0x00, 0x00, 0x00, 0x00,
  0x00, 0x00, 0x00, 0x00, 0x03, 0x00, 0x00, 0x00, 0x00, 0x00, 0x00, 0x00,
  0x03, 0x03, 0x00, 0x00, 0x00, 0x00, 0x00, 0x00, 0x00, 0x00, 0x00, 0x00,
  0x68, 0x00, 0x00, 0x00, 0x01, 0x00, 0x00, 0x00, 0x00, 0x00, 0x00, 0x00,
  0x03, 0x00, 0x00, 0x00, 0x01, 0x00, 0x00, 0x00, 0x03, 0x03, 0x00, 0x00,
  0x00, 0x00, 0x00, 0x00, 0x00, 0x00, 0x00, 0x00, 0x68, 0x00, 0x00, 0x00,
  0x02, 0x00, 0x00, 0x00, 0x00, 0x00, 0x00, 0x00, 0x03, 0x00, 0x00, 0x00,
  0x02, 0x00, 0x00, 0x00, 0x0f, 0x0f, 0x00, 0x00, 0x00, 0x00, 0x00, 0x00,
  0x54, 0x45, 0x58, 0x43, 0x4f, 0x4f, 0x52, 0x44, 0x00, 0x00, 0x00, 0x00,
  0x4f, 0x53, 0x47, 0x31, 0x80, 0x00, 0x00, 0x00, 0x03, 0x00, 0x00, 0x00,
  0x08, 0x00, 0x00, 0x00, 0x00, 0x00, 0x00, 0x00, 0x68, 0x00, 0x00, 0x00,
  0x00, 0x00, 0x00, 0x00, 0x00, 0x00, 0x00, 0x00, 0x03, 0x00, 0x00, 0x00,
  0x00, 0x00, 0x00, 0x00, 0x03, 0x0c, 0x00, 0x00, 0x00, 0x00, 0x00, 0x00,
  0x00, 0x00, 0x00, 0x00, 0x68, 0x00, 0x00, 0x00, 0x01, 0x00, 0x00, 0x00,
  0x00, 0x00, 0x00, 0x00, 0x03, 0x00, 0x00, 0x00, 0x01, 0x00, 0x00, 0x00,
  0x0f, 0x00, 0x00, 0x00, 0x00, 0x00, 0x00, 0x00, 0x00, 0x00, 0x00, 0x00,
  0x71, 0x00, 0x00, 0x00, 0x00, 0x00, 0x00, 0x00, 0x01, 0x00, 0x00, 0x00,
  0x03, 0x00, 0x00, 0x00, 0x02, 0x00, 0x00, 0x00, 0x0f, 0x00, 0x00, 0x00,
  0x00, 0x00, 0x00, 0x00, 0x54, 0x45, 0x58, 0x43, 0x4f, 0x4f, 0x52, 0x44,
  0x00, 0x53, 0x56, 0x5f, 0x50, 0x6f, 0x73, 0x69, 0x74, 0x69, 0x6f, 0x6e,
  0x00, 0x00, 0x00, 0x00, 0x50, 0x53, 0x56, 0x30, 0x38, 0x01, 0x00, 0x00,
  0x34, 0x00, 0x00, 0x00, 0x01, 0x00, 0x00, 0x00, 0x00, 0x00, 0x00, 0x00,
  0x00, 0x00, 0x00, 0x00, 0x00, 0x00, 0x00, 0x00, 0x00, 0x00, 0x00, 0x00,
  0xff, 0xff, 0xff, 0xff, 0x01, 0x00, 0x00, 0x00, 0x03, 0x03, 0x00, 0x03,
  0x03, 0x00, 0x00, 0x00, 0x00, 0x00, 0x00, 0x00, 0x00, 0x00, 0x00, 0x00,
  0x00, 0x00, 0x00, 0x00, 0x2e, 0x00, 0x00, 0x00, 0x01, 0x00, 0x00, 0x00,
  0x18, 0x00, 0x00, 0x00, 0x02, 0x00, 0x00, 0x00, 0x01, 0x00, 0x00, 0x00,
  0x00, 0x00, 0x00, 0x00, 0x00, 0x00, 0x00, 0x00, 0x0d, 0x00, 0x00, 0x00,
  0x00, 0x00, 0x00, 0x00, 0x38, 0x00, 0x00, 0x00, 0x00, 0x54, 0x45, 0x58,
  0x43, 0x4f, 0x4f, 0x52, 0x44, 0x00, 0x54, 0x45, 0x58, 0x43, 0x4f, 0x4f,
  0x52, 0x44, 0x00, 0x54, 0x45, 0x58, 0x43, 0x4f, 0x4f, 0x52, 0x44, 0x00,
  0x54, 0x45, 0x58, 0x43, 0x4f, 0x4f, 0x52, 0x44, 0x00, 0x54, 0x45, 0x58,
  0x43, 0x4f, 0x4f, 0x52, 0x44, 0x00, 0x56, 0x45, 0x52, 0x54, 0x45, 0x58,
  0x00, 0x00, 0x00, 0x00, 0x03, 0x00, 0x00, 0x00, 0x00, 0x00, 0x00, 0x00,
  0x01, 0x00, 0x00, 0x00, 0x02, 0x00, 0x00, 0x00, 0x10, 0x00, 0x00, 0x00,
  0x01, 0x00, 0x00, 0x00, 0x00, 0x00, 0x00, 0x00, 0x01, 0x00, 0x42, 0x00,
  0x03, 0x00, 0x00, 0x00, 0x0a, 0x00, 0x00, 0x00, 0x01, 0x00, 0x00, 0x00,
  0x01, 0x01, 0x42, 0x00, 0x03, 0x00, 0x00, 0x00, 0x13, 0x00, 0x00, 0x00,
  0x02, 0x00, 0x00, 0x00, 0x01, 0x02, 0x44, 0x00, 0x03, 0x00, 0x00, 0x00,
  0x1c, 0x00, 0x00, 0x00, 0x00, 0x00, 0x00, 0x00, 0x01, 0x00, 0x42, 0x00,
  0x03, 0x02, 0x00, 0x00, 0x25, 0x00, 0x00, 0x00, 0x01, 0x00, 0x00, 0x00,
  0x01, 0x01, 0x44, 0x00, 0x03, 0x02, 0x00, 0x00, 0x00, 0x00, 0x00, 0x00,
  0x00, 0x00, 0x00, 0x00, 0x01, 0x02, 0x44, 0x03, 0x03, 0x04, 0x00, 0x00,
  0x00, 0x0f, 0x00, 0x00, 0x00, 0x0f, 0x00, 0x00, 0x00, 0x00, 0x00, 0x00,
  0x00, 0x00, 0x00, 0x00, 0x01, 0x00, 0x00, 0x00, 0x02, 0x00, 0x00, 0x00,
  0x00, 0x00, 0x00, 0x00, 0x00, 0x00, 0x00, 0x00, 0x10, 0x00, 0x00, 0x00,
  0x20, 0x00, 0x00, 0x00, 0x40, 0x00, 0x00, 0x00, 0x80, 0x00, 0x00, 0x00,
  0x53, 0x54, 0x41, 0x54, 0x5c, 0x06, 0x00, 0x00, 0x60, 0x00, 0x01, 0x00,
  0x97, 0x01, 0x00, 0x00, 0x44, 0x58, 0x49, 0x4c, 0x00, 0x01, 0x00, 0x00,
  0x10, 0x00, 0x00, 0x00, 0x44, 0x06, 0x00, 0x00, 0x42, 0x43, 0xc0, 0xde,
  0x21, 0x0c, 0x00, 0x00, 0x8e, 0x01, 0x00, 0x00, 0x0b, 0x82, 0x20, 0x00,
  0x02, 0x00, 0x00, 0x00, 0x13, 0x00, 0x00, 0x00, 0x07, 0x81, 0x23, 0x91,
  0x41, 0xc8, 0x04, 0x49, 0x06, 0x10, 0x32, 0x39, 0x92, 0x01, 0x84, 0x0c,
  0x25, 0x05, 0x08, 0x19, 0x1e, 0x04, 0x8b, 0x62, 0x80, 0x14, 0x45, 0x02,
  0x42, 0x92, 0x0b, 0x42, 0xa4, 0x10, 0x32, 0x14, 0x38, 0x08, 0x18, 0x4b,
  0x0a, 0x32, 0x52, 0x88, 0x48, 0x90, 0x14, 0x20, 0x43, 0x46, 0x88, 0xa5,
  0x00, 0x19, 0x32, 0x42, 0xe4, 0x48, 0x0e, 0x90, 0x91, 0x22, 0xc4, 0x50,
  0x41, 0x51, 0x81, 0x8c, 0xe1, 0x83, 0xe5, 0x8a, 0x04, 0x29, 0x46, 0x06,
  0x51, 0x18, 0x00, 0x00, 0x08, 0x00, 0x00, 0x00, 0x1b, 0x8c, 0xe0, 0xff,
  0xff, 0xff, 0xff, 0x07, 0x40, 0x02, 0xa8, 0x0d, 0x84, 0xf0, 0xff, 0xff,
  0xff, 0xff, 0x03, 0x20, 0x6d, 0x30, 0x86, 0xff, 0xff, 0xff, 0xff, 0x1f,
  0x00, 0x09, 0xa8, 0x00, 0x49, 0x18, 0x00, 0x00, 0x03, 0x00, 0x00, 0x00,
  0x13, 0x82, 0x60, 0x42, 0x20, 0x4c, 0x08, 0x06, 0x00, 0x00, 0x00, 0x00,
  0x89, 0x20, 0x00, 0x00, 0x24, 0x00, 0x00, 0x00, 0x32, 0x22, 0x48, 0x09,
  0x20, 0x64, 0x85, 0x04, 0x93, 0x22, 0xa4, 0x84, 0x04, 0x93, 0x22, 0xe3,
  0x84, 0xa1, 0x90, 0x14, 0x12, 0x4c, 0x8a, 0x8c, 0x0b, 0x84, 0xa4, 0x4c,
  0x10, 0x68, 0x23, 0x00, 0x25, 0x00, 0x14, 0x66, 0x00, 0xe6, 0x08, 0xc0,
  0x60, 0x8e, 0x00, 0x29, 0xc6, 0x20, 0x84, 0x14, 0x42, 0xa6, 0x18, 0x80,
  0x10, 0x52, 0x06, 0xa1, 0xa3, 0x86, 0xcb, 0x9f, 0xb0, 0x87, 0x90, 0x7c,
  0x6e, 0xa3, 0x8a, 0x95, 0x98, 0xfc, 0xe2, 0xb6, 0x11, 0x31, 0xc6, 0x18,
  0x54, 0xee, 0x19, 0x2e, 0x7f, 0xc2, 0x1e, 0x42, 0xf2, 0x43, 0xa0, 0x19,
  0x16, 0x02, 0x05, 0xab, 0x10, 0x8a, 0x30, 0x42, 0xad, 0x14, 0x83, 0x8c,
  0x31, 0xe8, 0xcd, 0x11, 0x04, 0xc5, 0x60, 0xa4, 0x10, 0x12, 0x49, 0x0e,
  0x04, 0x0c, 0x23, 0x10, 0x43, 0x12, 0xd4, 0x9b, 0x0e, 0x47, 0x9a, 0x16,
  0x00, 0x73, 0xa8, 0xc9, 0x9f, 0xb0, 0x87, 0xf8, 0xdd, 0x0d, 0x45, 0x81,
  0xa5, 0x9b, 0x0e, 0x04, 0x00, 0x00, 0x00, 0x00, 0x13, 0x14, 0x72, 0xc0,
  0x87, 0x74, 0x60, 0x87, 0x36, 0x68, 0x87, 0x79, 0x68, 0x03, 0x72, 0xc0,
  0x87, 0x0d, 0xaf, 0x50, 0x0e, 0x6d, 0xd0, 0x0e, 0x7a, 0x50, 0x0e, 0x6d,
  0x00, 0x0f, 0x7a, 0x30, 0x07, 0x72, 0xa0, 0x07, 0x73, 0x20, 0x07, 0x6d,
  0x90, 0x0e, 0x71, 0xa0, 0x07, 0x73, 0x20, 0x07, 0x6d, 0x90, 0x0e, 0x78,
  0xa0, 0x07, 0x73, 0x20, 0x07, 0x6d, 0x90, 0x0e, 0x71, 0x60, 0x07, 0x7a,
  0x30, 0x07, 0x72, 0xd0, 0x06, 0xe9, 0x30, 0x07, 0x72, 0xa0, 0x07, 0x73,
  0x20, 0x07, 0x6d, 0x90, 0x0e, 0x76, 0x40, 0x07, 0x7a, 0x60, 0x07, 0x74,
  0xd0, 0x06, 0xe6, 0x10, 0x07, 0x76, 0xa0, 0x07, 0x73, 0x20, 0x07, 0x6d,
  0x60, 0x0e, 0x73, 0x20, 0x07, 0x7a, 0x30, 0x07, 0x72, 0xd0, 0x06, 0xe6,
  0x60, 0x07, 0x74, 0xa0, 0x07, 0x76, 0x40, 0x07, 0x6d, 0xe0, 0x0e, 0x78,
  0xa0, 0x07, 0x71, 0x60, 0x07, 0x7a, 0x30, 0x07, 0x72, 0xa0, 0x07, 0x76,
  0x40, 0x07, 0x43, 0x9e, 0x00, 0x08, 0x00, 0x00, 0x00, 0x00, 0x00, 0x00,
  0x00, 0x00, 0x00, 0x86, 0x3c, 0x06, 0x10, 0x00, 0x01, 0x00, 0x00, 0x00,
  0x00, 0x00, 0x00, 0x00, 0x0c, 0x79, 0x10, 0x20, 0x00, 0x04, 0x00, 0x00,
  0x00, 0x00, 0x00, 0x00, 0x00, 0x18, 0xf2, 0x34, 0x40, 0x00, 0x0c, 0x00,
  0x00, 0x00, 0x00, 0x00, 0x00, 0x00, 0x30, 0xe4, 0x79, 0x80, 0x00, 0x08,
  0x00, 0x00, 0x00, 0x00, 0x00, 0x00, 0x00, 0x60, 0xc8, 0x23, 0x01, 0x01,
  0x30, 0x00, 0x00, 0x00, 0x00, 0x00, 0x00, 0x00, 0x40, 0x16, 0x08, 0x00,
  0x12, 0x00, 0x00, 0x00, 0x32, 0x1e, 0x98, 0x14, 0x19, 0x11, 0x4c, 0x90,
  0x8c, 0x09, 0x26, 0x47, 0xc6, 0x04, 0x43, 0x22, 0x25, 0x30, 0x02, 0x50,
  0x0c, 0x05, 0x18, 0x50, 0x04, 0x85, 0x50, 0x06, 0xe5, 0x50, 0x12, 0xe5,
  0x51, 0x10, 0xe5, 0x55, 0x14, 0x54, 0x4a, 0x62, 0x04, 0xa0, 0x08, 0x0a,
  0xa1, 0x0c, 0xe8, 0xce, 0x00, 0x10, 0x9e, 0x01, 0xa0, 0x3c, 0x96, 0xc3,
  0x30, 0x20, 0x3e, 0x80, 0xf8, 0x00, 0x00, 0x81, 0x00, 0x00, 0x10, 0x18,
  0x80, 0x02, 0x48, 0x00, 0x79, 0x18, 0x00, 0x00, 0x8e, 0x00, 0x00, 0x00,
  0x1a, 0x03, 0x4c, 0x90, 0x46, 0x02, 0x13, 0xc4, 0x31, 0x20, 0xc3, 0x1b,
  0x43, 0x81, 0x93, 0x4b, 0xb3, 0x0b, 0xa3, 0x2b, 0x4b, 0x01, 0x89, 0x71,
  0xc1, 0x71, 0x81, 0x71, 0xa1, 0xc9, 0xa1, 0xb1, 0x01, 0x41, 0xc9, 0x29,
  0x33, 0x13, 0x13, 0xb3, 0x19, 0x9b, 0x91, 0x49, 0xd9, 0x10, 0x04, 0x13,
  0x04, 0xc2, 0x98, 0x20, 0x10, 0xc7, 0x06, 0x61, 0x20, 0x36, 0x08, 0x04,
  0x41, 0xc1, 0x6e, 0x6e, 0x82, 0x40, 0x20, 0x1b, 0x86, 0x03, 0x21, 0x26,
  0x08, 0x58, 0x46, 0x84, 0x2e, 0x0f, 0xae, 0xec, 0xab, 0x4a, 0xe8, 0x69,
  0x82, 0x40, 0x24, 0x1b, 0x10, 0x42, 0x59, 0x06, 0x62, 0x60, 0x80, 0x0d,
  0x41, 0xb3, 0x81, 0x00, 0x00, 0x07, 0x98, 0x20, 0x5c, 0x18, 0x9b, 0x2a,
  0xa1, 0xa7, 0x2f, 0x3a, 0xb9, 0x30, 0xb7, 0x39, 0xb3, 0x37, 0xb9, 0xb6,
  0x09, 0x02, 0xa1, 0x4c, 0x10, 0x88, 0x65, 0xc3, 0x30, 0x4d, 0xd2, 0x04,
  0x81, 0x60, 0x26, 0x08, 0x44, 0x33, 0x41, 0x20, 0x9c, 0x0d, 0x08, 0x12,
  0x49, 0x54, 0x45, 0x58, 0xd7, 0x06, 0x81, 0xc1, 0x36, 0x0c, 0x04, 0x94,
  0x4d, 0x10, 0x04, 0x60, 0x03, 0xb0, 0x61, 0x20, 0x38, 0x6e, 0x43, 0xd0,
  0x6d, 0x18, 0x86, 0xcd, 0x9b, 0x20, 0x64, 0xda, 0x86, 0x00, 0x0c, 0x68,
  0x58, 0x15, 0x49, 0x51, 0x15, 0x61, 0x11, 0xa1, 0x2a, 0xc2, 0x1a, 0x7a,
  0x7a, 0x92, 0x22, 0x9a, 0x20, 0x14, 0xd3, 0x04, 0xa1, 0xa0, 0x36, 0x04,
  0xc4, 0x04, 0xa1, 0xa8, 0x36, 0x08, 0x55, 0xb5, 0x61, 0x21, 0xc6, 0x80,
  0x0c, 0xca, 0xc0, 0x0c, 0xca, 0x60, 0x38, 0x03, 0xa2, 0x0c, 0xd0, 0x60,
  0x43, 0x30, 0x6c, 0x58, 0x86, 0x31, 0x20, 0x83, 0x32, 0x50, 0x83, 0x32,
  0x18, 0xce, 0x60, 0x28, 0x03, 0x34, 0xd8, 0x10, 0x48, 0x13, 0x84, 0xc2,
  0x9a, 0x20, 0x10, 0xcf, 0x06, 0xa1, 0x72, 0x83, 0x0d, 0x8b, 0x34, 0x06,
  0x64, 0x50, 0x06, 0x6c, 0x50, 0x06, 0x43, 0x1b, 0x48, 0x65, 0xf0, 0x06,
  0x1b, 0x86, 0x34, 0x58, 0x03, 0x38, 0xd8, 0xb0, 0x10, 0x63, 0x40, 0x06,
  0x65, 0x60, 0x06, 0x67, 0x30, 0x9c, 0x01, 0x51, 0x06, 0x68, 0xb0, 0x61,
  0x19, 0xc6, 0x80, 0x0c, 0xca, 0x40, 0x0d, 0xce, 0x60, 0x68, 0x83, 0xa1,
  0x0c, 0xde, 0x80, 0xcb, 0x94, 0xd5, 0x17, 0xd4, 0xdb, 0x5c, 0x1a, 0x5d,
  0xda, 0x9b, 0xdb, 0x04, 0xa1, 0xb8, 0x36, 0x2c, 0x12, 0x1d, 0x90, 0x41,
  0x1d, 0x98, 0x41, 0x1b, 0x0c, 0x6d, 0x20, 0x95, 0xc1, 0x1b, 0x6c, 0x18,
  0xe4, 0x60, 0x0e, 0xec, 0x60, 0xc3, 0x10, 0x07, 0x77, 0x00, 0x6c, 0x28,
  0x36, 0x31, 0xc0, 0x83, 0x07, 0xa0, 0x61, 0xc6, 0xf6, 0x16, 0x46, 0x37,
  0x37, 0x41, 0x20, 0x20, 0x16, 0x69, 0x6e, 0x73, 0x74, 0x73, 0x13, 0x04,
  0x22, 0xa2, 0x31, 0x97, 0x76, 0xf6, 0xc5, 0x46, 0x46, 0x63, 0x2e, 0xed,
  0xec, 0x6b, 0x8e, 0x6e, 0x82, 0x40, 0x48, 0x1b, 0x10, 0x3d, 0xd8, 0x03,
  0x3e, 0xe8, 0x03, 0x3f, 0xd8, 0x83, 0x3f, 0x00, 0x85, 0x2a, 0x6c, 0x6c,
  0x76, 0x6d, 0x2e, 0x69, 0x64, 0x65, 0x6e, 0x74, 0x53, 0x82, 0xa0, 0x0a,
  0x19, 0x9e, 0x8b, 0x5d, 0x99, 0xdc, 0x5c, 0xda, 0x9b, 0xdb, 0x94, 0x80,
  0x68, 0x42, 0x86, 0xe7, 0x62, 0x17, 0xc6, 0x66, 0x57, 0x26, 0x37, 0x25,
  0x28, 0xea, 0x90, 0xe1, 0xb9, 0xcc, 0xa1, 0x85, 0x91, 0x95, 0xc9, 0x35,
  0xbd, 0x91, 0x95, 0xb1, 0x4d, 0x09, 0x90, 0x32, 0x64, 0x78, 0x2e, 0x72,
  0x65, 0x73, 0x6f, 0x75, 0x72, 0x63, 0x65, 0x73, 0x53, 0x02, 0xa7, 0x12,
  0x19, 0x9e, 0x0b, 0x5d, 0x1e, 0x5c, 0x59, 0x90, 0x9b, 0xdb, 0x1b, 0x5d,
  0x18, 0x5d, 0xda, 0x9b, 0xdb, 0xdc, 0x14, 0x21, 0xf3, 0xea, 0x90, 0xe1,
  0xb9, 0xd8, 0xa5, 0x95, 0xdd, 0x25, 0x91, 0x4d, 0xd1, 0x85, 0xd1, 0x95,
  0x4d, 0x09, 0xc0, 0xa0, 0x0e, 0x19, 0x9e, 0x4b, 0x99, 0x1b, 0x9d, 0x5c,
  0x1e, 0xd4, 0x5b, 0x9a, 0x1b, 0xdd, 0xdc, 0x94, 0x00, 0x0f, 0xba, 0x90,
  0xe1, 0xb9, 0x8c, 0xbd, 0xd5, 0xb9, 0xd1, 0x95, 0xc9, 0xcd, 0x4d, 0x09,
  0x40, 0x01, 0x00, 0x00, 0x79, 0x18, 0x00, 0x00, 0x4c, 0x00, 0x00, 0x00,
  0x33, 0x08, 0x80, 0x1c, 0xc4, 0xe1, 0x1c, 0x66, 0x14, 0x01, 0x3d, 0x88,
  0x43, 0x38, 0x84, 0xc3, 0x8c, 0x42, 0x80, 0x07, 0x79, 0x78, 0x07, 0x73,
  0x98, 0x71, 0x0c, 0xe6, 0x00, 0x0f, 0xed, 0x10, 0x0e, 0xf4, 0x80, 0x0e,
  0x33, 0x0c, 0x42, 0x1e, 0xc2, 0xc1, 0x1d, 0xce, 0xa1, 0x1c, 0x66, 0x30,
  0x05, 0x3d, 0x88, 0x43, 0x38, 0x84, 0x83, 0x1b, 0xcc, 0x03, 0x3d, 0xc8,
  0x43, 0x3d, 0x8c, 0x03, 0x3d, 0xcc, 0x78, 0x8c, 0x74, 0x70, 0x07, 0x7b,
  0x08, 0x07, 0x79, 0x48, 0x87, 0x70, 0x70, 0x07, 0x7a, 0x70, 0x03, 0x76,
  0x78, 0x87, 0x70, 0x20, 0x87, 0x19, 0xcc, 0x11, 0x0e, 0xec, 0x90, 0x0e,
  0xe1, 0x30, 0x0f, 0x6e, 0x30, 0x0f, 0xe3, 0xf0, 0x0e, 0xf0, 0x50, 0x0e,
  0x33, 0x10, 0xc4, 0x1d, 0xde, 0x21, 0x1c, 0xd8, 0x21, 0x1d, 0xc2, 0x61,
  0x1e, 0x66, 0x30, 0x89, 0x3b, 0xbc, 0x83, 0x3b, 0xd0, 0x43, 0x39, 0xb4,
  0x03, 0x3c, 0xbc, 0x83, 0x3c, 0x84, 0x03, 0x3b, 0xcc, 0xf0, 0x14, 0x76,
  0x60, 0x07, 0x7b, 0x68, 0x07, 0x37, 0x68, 0x87, 0x72, 0x68, 0x07, 0x37,
  0x80, 0x87, 0x70, 0x90, 0x87, 0x70, 0x60, 0x07, 0x76, 0x28, 0x07, 0x76,
  0xf8, 0x05, 0x76, 0x78, 0x87, 0x77, 0x80, 0x87, 0x5f, 0x08, 0x87, 0x71,
  0x18, 0x87, 0x72, 0x98, 0x87, 0x79, 0x98, 0x81, 0x2c, 0xee, 0xf0, 0x0e,
  0xee, 0xe0, 0x0e, 0xf5, 0xc0, 0x0e, 0xec, 0x30, 0x03, 0x62, 0xc8, 0xa1,
  0x1c, 0xe4, 0xa1, 0x1c, 0xcc, 0xa1, 0x1c, 0xe4, 0xa1, 0x1c, 0xdc, 0x61,
  0x1c, 0xca, 0x21, 0x1c, 0xc4, 0x81, 0x1d, 0xca, 0x61, 0x06, 0xd6, 0x90,
  0x43, 0x39, 0xc8, 0x43, 0x39, 0x98, 0x43, 0x39, 0xc8, 0x43, 0x39, 0xb8,
  0xc3, 0x38, 0x94, 0x43, 0x38, 0x88, 0x03, 0x3b, 0x94, 0xc3, 0x2f, 0xbc,
  0x83, 0x3c, 0xfc, 0x82, 0x3b, 0xd4, 0x03, 0x3b, 0xb0, 0xc3, 0x8c, 0xc8,
  0x21, 0x07, 0x7c, 0x70, 0x03, 0x72, 0x10, 0x87, 0x73, 0x70, 0x03, 0x7b,
  0x08, 0x07, 0x79, 0x60, 0x87, 0x70, 0xc8, 0x87, 0x77, 0xa8, 0x07, 0x7a,
  0x98, 0x81, 0x3c, 0xe4, 0x80, 0x0f, 0x6e, 0x40, 0x0f, 0xe5, 0xd0, 0x0e,
  0xf0, 0x00, 0x00, 0x00, 0x71, 0x20, 0x00, 0x00, 0x18, 0x00, 0x00, 0x00,
  0x06, 0x60, 0xbc, 0xde, 0xda, 0x7a, 0xb1, 0x0d, 0x6c, 0xc3, 0xe5, 0x3b,
  0x8f, 0x2f, 0x04, 0x54, 0x51, 0x10, 0x51, 0xe9, 0x00, 0x43, 0x49, 0x18,
  0x80, 0x80, 0xf9, 0xc5, 0x6d, 0x5b, 0x81, 0x34, 0x5c, 0xbe, 0xf3, 0xf8,
  0x42, 0x44, 0x00, 0x13, 0x11, 0x02, 0xcd, 0xb0, 0x10, 0x16, 0x30, 0x0d,
  0x97, 0xef, 0x3c, 0xfe, 0xe2, 0x00, 0x83, 0xd8, 0x3c, 0xd4, 0xe4, 0x17,
  0xb7, 0x6d, 0x02, 0xd5, 0x70, 0xf9, 0xce, 0xe3, 0x4b, 0x93, 0x13, 0x11,
  0x28, 0x35, 0x3d, 0xd4, 0xe4, 0x17, 0xb7, 0x6d, 0x04, 0xd2, 0x70, 0xf9,
  0xce, 0xe3, 0x4f, 0x44, 0x34, 0x21, 0x40, 0x84, 0xf9, 0xc5, 0x6d, 0x03,
  0x00, 0x00, 0x00, 0x00, 0x49, 0x4c, 0x44, 0x4e, 0x2c, 0x00, 0x00, 0x00,
  0x00, 0x00, 0x24, 0x00, 0x39, 0x61, 0x34, 0x65, 0x66, 0x36, 0x38, 0x61,
  0x30, 0x64, 0x35, 0x62, 0x35, 0x63, 0x61, 0x62, 0x32, 0x65, 0x61, 0x38,
  0x33, 0x35, 0x62, 0x33, 0x35, 0x37, 0x32, 0x62, 0x34, 0x32, 0x38, 0x32,
  0x2e, 0x70, 0x64, 0x62, 0x00, 0x00, 0x00, 0x00, 0x48, 0x41, 0x53, 0x48,
  0x14, 0x00, 0x00, 0x00, 0x00, 0x00, 0x00, 0x00, 0x9a, 0x4e, 0xf6, 0x8a,
  0x0d, 0x5b, 0x5c, 0xab, 0x2e, 0xa8, 0x35, 0xb3, 0x57, 0x2b, 0x42, 0x82,
  0x44, 0x58, 0x49, 0x4c, 0x68, 0x07, 0x00, 0x00, 0x60, 0x00, 0x01, 0x00,
  0xda, 0x01, 0x00, 0x00, 0x44, 0x58, 0x49, 0x4c, 0x00, 0x01, 0x00, 0x00,
  0x10, 0x00, 0x00, 0x00, 0x50, 0x07, 0x00, 0x00, 0x42, 0x43, 0xc0, 0xde,
  0x21, 0x0c, 0x00, 0x00, 0xd1, 0x01, 0x00, 0x00, 0x0b, 0x82, 0x20, 0x00,
  0x02, 0x00, 0x00, 0x00, 0x13, 0x00, 0x00, 0x00, 0x07, 0x81, 0x23, 0x91,
  0x41, 0xc8, 0x04, 0x49, 0x06, 0x10, 0x32, 0x39, 0x92, 0x01, 0x84, 0x0c,
  0x25, 0x05, 0x08, 0x19, 0x1e, 0x04, 0x8b, 0x62, 0x80, 0x14, 0x45, 0x02,
  0x42, 0x92, 0x0b, 0x42, 0xa4, 0x10, 0x32, 0x14, 0x38, 0x08, 0x18, 0x4b,
  0x0a, 0x32, 0x52, 0x88, 0x48, 0x90, 0x14, 0x20, 0x43, 0x46, 0x88, 0xa5,
  0x00, 0x19, 0x32, 0x42, 0xe4, 0x48, 0x0e, 0x90, 0x91, 0x22, 0xc4, 0x50,
  0x41, 0x51, 0x81, 0x8c, 0xe1, 0x83, 0xe5, 0x8a, 0x04, 0x29, 0x46, 0x06,
  0x51, 0x18, 0x00, 0x00, 0x08, 0x00, 0x00, 0x00, 0x1b, 0x8c, 0xe0, 0xff,
  0xff, 0xff, 0xff, 0x07, 0x40, 0x02, 0xa8, 0x0d, 0x84, 0xf0, 0xff, 0xff,
  0xff, 0xff, 0x03, 0x20, 0x6d, 0x30, 0x86, 0xff, 0xff, 0xff, 0xff, 0x1f,
  0x00, 0x09, 0xa8, 0x00, 0x49, 0x18, 0x00, 0x00, 0x03, 0x00, 0x00, 0x00,
  0x13, 0x82, 0x60, 0x42, 0x20, 0x4c, 0x08, 0x06, 0x00, 0x00, 0x00, 0x00,
  0x89, 0x20, 0x00, 0x00, 0x24, 0x00, 0x00, 0x00, 0x32, 0x22, 0x48, 0x09,
  0x20, 0x64, 0x85, 0x04, 0x93, 0x22, 0xa4, 0x84, 0x04, 0x93, 0x22, 0xe3,
  0x84, 0xa1, 0x90, 0x14, 0x12, 0x4c, 0x8a, 0x8c, 0x0b, 0x84, 0xa4, 0x4c,
  0x10, 0x68, 0x23, 0x00, 0x25, 0x00, 0x14, 0x66, 0x00, 0xe6, 0x08, 0xc0,
  0x60, 0x8e, 0x00, 0x29, 0xc6, 0x20, 0x84, 0x14, 0x42, 0xa6, 0x18, 0x80,
  0x10, 0x52, 0x06, 0xa1, 0xa3, 0x86, 0xcb, 0x9f, 0xb0, 0x87, 0x90, 0x7c,
  0x6e, 0xa3, 0x8a, 0x95, 0x98, 0xfc, 0xe2, 0xb6, 0x11, 0x31, 0xc6, 0x18,
  0x54, 0xee, 0x19, 0x2e, 0x7f, 0xc2, 0x1e, 0x42, 0xf2, 0x43, 0xa0, 0x19,
  0x16, 0x02, 0x05, 0xab, 0x10, 0x8a, 0x30, 0x42, 0xad, 0x14, 0x83, 0x8c,
  0x31, 0xe8, 0xcd, 0x11, 0x04, 0xc5, 0x60, 0xa4, 0x10, 0x12, 0x49, 0x0e,
  0x04, 0x0c, 0x23, 0x10, 0x43, 0x12, 0xd4, 0x9b, 0x0e, 0x47, 0x9a, 0x16,
  0x00, 0x73, 0xa8, 0xc9, 0x9f, 0xb0, 0x87, 0xf8, 0xdd, 0x0d, 0x45, 0x81,
  0xa5, 0x9b, 0x0e, 0x04, 0x00, 0x00, 0x00, 0x00, 0x13, 0x14, 0x72, 0xc0,
  0x87, 0x74, 0x60, 0x87, 0x36, 0x68, 0x87, 0x79, 0x68, 0x03, 0x72, 0xc0,
  0x87, 0x0d, 0xaf, 0x50, 0x0e, 0x6d, 0xd0, 0x0e, 0x7a, 0x50, 0x0e, 0x6d,
  0x00, 0x0f, 0x7a, 0x30, 0x07, 0x72, 0xa0, 0x07, 0x73, 0x20, 0x07, 0x6d,
  0x90, 0x0e, 0x71, 0xa0, 0x07, 0x73, 0x20, 0x07, 0x6d, 0x90, 0x0e, 0x78,
  0xa0, 0x07, 0x73, 0x20, 0x07, 0x6d, 0x90, 0x0e, 0x71, 0x60, 0x07, 0x7a,
  0x30, 0x07, 0x72, 0xd0, 0x06, 0xe9, 0x30, 0x07, 0x72, 0xa0, 0x07, 0x73,
  0x20, 0x07, 0x6d, 0x90, 0x0e, 0x76, 0x40, 0x07, 0x7a, 0x60, 0x07, 0x74,
  0xd0, 0x06, 0xe6, 0x10, 0x07, 0x76, 0xa0, 0x07, 0x73, 0x20, 0x07, 0x6d,
  0x60, 0x0e, 0x73, 0x20, 0x07, 0x7a, 0x30, 0x07, 0x72, 0xd0, 0x06, 0xe6,
  0x60, 0x07, 0x74, 0xa0, 0x07, 0x76, 0x40, 0x07, 0x6d, 0xe0, 0x0e, 0x78,
  0xa0, 0x07, 0x71, 0x60, 0x07, 0x7a, 0x30, 0x07, 0x72, 0xa0, 0x07, 0x76,
  0x40, 0x07, 0x43, 0x9e, 0x00, 0x00, 0x00, 0x00, 0x00, 0x00, 0x00, 0x00,
  0x00, 0x00, 0x00, 0x86, 0x3c, 0x06, 0x10, 0x00, 0x01, 0x00, 0x00, 0x00,
  0x00, 0x00, 0x00, 0x00, 0x0c, 0x79, 0x10, 0x20, 0x00, 0x04, 0x00, 0x00,
  0x00, 0x00, 0x00, 0x00, 0x00, 0x18, 0xf2, 0x34, 0x40, 0x00, 0x0c, 0x00,
  0x00, 0x00, 0x00, 0x00, 0x00, 0x00, 0x30, 0xe4, 0x79, 0x80, 0x00, 0x08,
  0x00, 0x00, 0x00, 0x00, 0x00, 0x00, 0x00, 0x60, 0xc8, 0x23, 0x01, 0x01,
  0x30, 0x00, 0x00, 0x00, 0x00, 0x00, 0x00, 0x00, 0x40, 0x16, 0x08, 0x00,
  0x10, 0x00, 0x00, 0x00, 0x32, 0x1e, 0x98, 0x14, 0x19, 0x11, 0x4c, 0x90,
  0x8c, 0x09, 0x26, 0x47, 0xc6, 0x04, 0x43, 0x22, 0x25, 0x30, 0x02, 0x50,
  0x12, 0xc5, 0x50, 0x80, 0x01, 0x65, 0x50, 0x04, 0xe5, 0x41, 0xa5, 0x24,
  0x46, 0x00, 0x8a, 0xa0, 0x10, 0xca, 0x80, 0xf0, 0x0c, 0x00, 0xe5, 0xb1,
  0x1c, 0x86, 0x01, 0xf1, 0x01, 0xc4, 0x07, 0x00, 0x08, 0x04, 0x00, 0x80,
  0xc0, 0x00, 0x14, 0x40, 0x02, 0x00, 0x00, 0x00, 0x79, 0x18, 0x00, 0x00,
  0x5f, 0x00, 0x00, 0x00, 0x1a, 0x03, 0x4c, 0x90, 0x46, 0x02, 0x13, 0xc4,
  0x31, 0x20, 0xc3, 0x1b, 0x43, 0x81, 0x93, 0x4b, 0xb3, 0x0b, 0xa3, 0x2b,
  0x4b, 0x01, 0x89, 0x71, 0xc1, 0x71, 0x81, 0x71, 0xa1, 0xc9, 0xa1, 0xb1,
  0x01, 0x41, 0xc9, 0x29, 0x33, 0x13, 0x13, 0xb3, 0x19, 0x9b, 0x91, 0x49,
  0xd9, 0x10, 0x04, 0x13, 0x04, 0xc2, 0x98, 0x20, 0x10, 0xc7, 0x06, 0x61,
  0x20, 0x26, 0x08, 0x04, 0xb2, 0x41, 0x18, 0x0c, 0x0a, 0x76, 0x73, 0x13,
  0x04, 0x22, 0xd9, 0x30, 0x20, 0x09, 0x31, 0x41, 0xc0, 0x26, 0x02, 0x13,
  0x04, 0x42, 0xd9, 0x80, 0x10, 0x0b, 0x33, 0x10, 0x43, 0x03, 0x6c, 0x08,
  0x9c, 0x0d, 0x04, 0x00, 0x3c, 0xc0, 0x04, 0x21, 0xa3, 0x36, 0x04, 0xd1,
  0x04, 0x41, 0x00, 0x68, 0x58, 0x15, 0x49, 0x51, 0x15, 0x61, 0x11, 0xa1,
  0x2a, 0xc2, 0x1a, 0x7a, 0x7a, 0x92, 0x22, 0x9a, 0x20, 0x14, 0xce, 0x04,
  0xa1, 0x78, 0x36, 0x04, 0xc4, 0x04, 0xa1, 0x80, 0x26, 0x08, 0xc4, 0xb2,
  0x41, 0xd0, 0xb4, 0x0d, 0x0b, 0x51, 0x59, 0x17, 0x76, 0x0d, 0x19, 0x71,
  0x6d, 0x1b, 0x82, 0x61, 0xc3, 0x32, 0x54, 0xd6, 0xd5, 0x5d, 0x43, 0x36,
  0x5c, 0xdb, 0x04, 0x81, 0x60, 0x36, 0x04, 0xdf, 0x04, 0xa1, 0x88, 0x26,
  0x08, 0x44, 0xb3, 0x41, 0xd0, 0xc4, 0x60, 0xc3, 0xf2, 0x55, 0xd6, 0x05,
  0x06, 0xd7, 0x10, 0x06, 0xdf, 0x35, 0x06, 0x1b, 0x06, 0xce, 0x23, 0x83,
  0x0d, 0x0b, 0x51, 0x59, 0x17, 0x96, 0x0d, 0x19, 0x71, 0x6d, 0x1b, 0x96,
  0xa1, 0xb2, 0xae, 0x2e, 0x1b, 0xc2, 0x60, 0xb8, 0xc6, 0x80, 0xcb, 0x94,
  0xd5, 0x17, 0xd4, 0xdb, 0x5c, 0x1a, 0x5d, 0xda, 0x9b, 0xdb, 0x04, 0xa1,
  0x90, 0x36, 0x2c, 0x1f, 0x1a, 0x58, 0x69, 0x80, 0x85, 0xc1, 0x10, 0x06,
  0xdf, 0x35, 0x06, 0x1b, 0x06, 0x33, 0x38, 0x03, 0x35, 0xd8, 0x30, 0x94,
  0xc1, 0x1a, 0x00, 0x1b, 0x8a, 0x89, 0x62, 0x03, 0x08, 0xa8, 0xc2, 0xc6,
  0x66, 0xd7, 0xe6, 0x92, 0x46, 0x56, 0xe6, 0x46, 0x37, 0x25, 0x08, 0xaa,
  0x90, 0xe1, 0xb9, 0xd8, 0x95, 0xc9, 0xcd, 0xa5, 0xbd, 0xb9, 0x4d, 0x09,
  0x88, 0x26, 0x64, 0x78, 0x2e, 0x76, 0x61, 0x6c, 0x76, 0x65, 0x72, 0x53,
  0x02, 0xa3, 0x0e, 0x19, 0x9e, 0xcb, 0x1c, 0x5a, 0x18, 0x59, 0x99, 0x5c,
  0xd3, 0x1b, 0x59, 0x19, 0xdb, 0x94, 0x20, 0x29, 0x43, 0x86, 0xe7, 0x22,
  0x57, 0x36, 0xf7, 0x56, 0x27, 0x37, 0x56, 0x36, 0x37, 0x25, 0x78, 0xea,
  0x90, 0xe1, 0xb9, 0xd8, 0xa5, 0x95, 0xdd, 0x25, 0x91, 0x4d, 0xd1, 0x85,
  0xd1, 0x95, 0x4d, 0x09, 0xa2, 0x3a, 0x64, 0x78, 0x2e, 0x65, 0x6e, 0x74,
  0x72, 0x79, 0x50, 0x6f, 0x69, 0x6e, 0x74, 0x73, 0x53, 0x02, 0x36, 0x00,
  0x79, 0x18, 0x00, 0x00, 0x4c, 0x00, 0x00, 0x00, 0x33, 0x08, 0x80, 0x1c,
  0xc4, 0xe1, 0x1c, 0x66, 0x14, 0x01, 0x3d, 0x88, 0x43, 0x38, 0x84, 0xc3,
  0x8c, 0x42, 0x80, 0x07, 0x79, 0x78, 0x07, 0x73, 0x98, 0x71, 0x0c, 0xe6,
  0x00, 0x0f, 0xed, 0x10, 0x0e, 0xf4, 0x80, 0x0e, 0x33, 0x0c, 0x42, 0x1e,
  0xc2, 0xc1, 0x1d, 0xce, 0xa1, 0x1c, 0x66, 0x30, 0x05, 0x3d, 0x88, 0x43,
  0x38, 0x84, 0x83, 0x1b, 0xcc, 0x03, 0x3d, 0xc8, 0x43, 0x3d, 0x8c, 0x03,
  0x3d, 0xcc, 0x78, 0x8c, 0x74, 0x70, 0x07, 0x7b, 0x08, 0x07, 0x79, 0x48,
  0x87, 0x70, 0x70, 0x07, 0x7a, 0x70, 0x03, 0x76, 0x78, 0x87, 0x70, 0x20,
  0x87, 0x19, 0xcc, 0x11, 0x0e, 0xec, 0x90, 0x0e, 0xe1, 0x30, 0x0f, 0x6e,
  0x30, 0x0f, 0xe3, 0xf0, 0x0e, 0xf0, 0x50, 0x0e, 0x33, 0x10, 0xc4, 0x1d,
  0xde, 0x21, 0x1c, 0xd8, 0x21, 0x1d, 0xc2, 0x61, 0x1e, 0x66, 0x30, 0x89,
  0x3b, 0xbc, 0x83, 0x3b, 0xd0, 0x43, 0x39, 0xb4, 0x03, 0x3c, 0xbc, 0x83,
  0x3c, 0x84, 0x03, 0x3b, 0xcc, 0xf0, 0x14, 0x76, 0x60, 0x07, 0x7b, 0x68,
  0x07, 0x37, 0x68, 0x87, 0x72, 0x68, 0x07, 0x37, 0x80, 0x87, 0x70, 0x90,
  0x87, 0x70, 0x60, 0x07, 0x76, 0x28, 0x07, 0x76, 0xf8, 0x05, 0x76, 0x78,
  0x87, 0x77, 0x80, 0x87, 0x5f, 0x08, 0x87, 0x71, 0x18, 0x87, 0x72, 0x98,
  0x87, 0x79, 0x98, 0x81, 0x2c, 0xee, 0xf0, 0x0e, 0xee, 0xe0, 0x0e, 0xf5,
  0xc0, 0x0e, 0xec, 0x30, 0x03, 0x62, 0xc8, 0xa1, 0x1c, 0xe4, 0xa1, 0x1c,
  0xcc, 0xa1, 0x1c, 0xe4, 0xa1, 0x1c, 0xdc, 0x61, 0x1c, 0xca, 0x21, 0x1c,
  0xc4, 0x81, 0x1d, 0xca, 0x61, 0x06, 0xd6, 0x90, 0x43, 0x39, 0xc8, 0x43,
  0x39, 0x98, 0x43, 0x39, 0xc8, 0x43, 0x39, 0xb8, 0xc3, 0x38, 0x94, 0x43,
  0x38, 0x88, 0x03, 0x3b, 0x94, 0xc3, 0x2f, 0xbc, 0x83, 0x3c, 0xfc, 0x82,
  0x3b, 0xd4, 0x03, 0x3b, 0xb0, 0xc3, 0x8c, 0xc8, 0x21, 0x07, 0x7c, 0x70,
  0x03, 0x72, 0x10, 0x87, 0x73, 0x70, 0x03, 0x7b, 0x08, 0x07, 0x79, 0x60,
  0x87, 0x70, 0xc8, 0x87, 0x77, 0xa8, 0x07, 0x7a, 0x98, 0x81, 0x3c, 0xe4,
  0x80, 0x0f, 0x6e, 0x40, 0x0f, 0xe5, 0xd0, 0x0e, 0xf0, 0x00, 0x00, 0x00,
  0x71, 0x20, 0x00, 0x00, 0x18, 0x00, 0x00, 0x00, 0x06, 0x60, 0xbc, 0xde,
  0xda, 0x7a, 0xb1, 0x0d, 0x6c, 0xc3, 0xe5, 0x3b, 0x8f, 0x2f, 0x04, 0x54,
  0x51, 0x10, 0x51, 0xe9, 0x00, 0x43, 0x49, 0x18, 0x80, 0x80, 0xf9, 0xc5,
  0x6d, 0x5b, 0x81, 0x34, 0x5c, 0xbe, 0xf3, 0xf8, 0x42, 0x44, 0x00, 0x13,
  0x11, 0x02, 0xcd, 0xb0, 0x10, 0x16, 0x30, 0x0d, 0x97, 0xef, 0x3c, 0xfe,
  0xe2, 0x00, 0x83, 0xd8, 0x3c, 0xd4, 0xe4, 0x17, 0xb7, 0x6d, 0x02, 0xd5,
  0x70, 0xf9, 0xce, 0xe3, 0x4b, 0x93, 0x13, 0x11, 0x28, 0x35, 0x3d, 0xd4,
  0xe4, 0x17, 0xb7, 0x6d, 0x04, 0xd2, 0x70, 0xf9, 0xce, 0xe3, 0x4f, 0x44,
  0x34, 0x21, 0x40, 0x84, 0xf9, 0xc5, 0x6d, 0x03, 0x61, 0x20, 0x00, 0x00,
  0x72, 0x00, 0x00, 0x00, 0x13, 0x04, 0x41, 0x2c, 0x10, 0x00, 0x00, 0x00,
  0x05, 0x00, 0x00, 0x00, 0x44, 0x4a, 0xa1, 0x10, 0x66, 0x00, 0x8a, 0xab,
  0xec, 0x4a, 0x8e, 0x4a, 0x09, 0x50, 0x1c, 0x01, 0x00, 0x00, 0x00, 0x00,
  0x23, 0x06, 0x09, 0x00, 0x82, 0x60, 0x20, 0x61, 0x43, 0x63, 0x59, 0xc1,
  0x88, 0x41, 0x02, 0x80, 0x20, 0x18, 0x18, 0x1d, 0x22, 0x5d, 0xcf, 0x31,
  0x62, 0x90, 0x00, 0x20, 0x08, 0x06, 0x86, 0x97, 0x4c, 0x18, 0x81, 0x8c,
  0x18, 0x24, 0x00, 0x08, 0x82, 0x81, 0xf1, 0x29, 0x54, 0x06, 0x25, 0x23,
  0x06, 0x09, 0x00, 0x82, 0x60, 0x60, 0x80, 0xc1, 0x52, 0x69, 0x8f, 0x32,
  0x62, 0x90, 0x00, 0x20, 0x08, 0x06, 0x46, 0x18, 0x30, 0xdc, 0x36, 0x2d,
  0x23, 0x06, 0x09, 0x00, 0x82, 0x60, 0x60, 0x88, 0x41, 0xd3, 0x71, 0x08,
  0x33, 0x62, 0x90, 0x00, 0x20, 0x08, 0x06, 0xc6, 0x18, 0x38, 0x5d, 0x57,
  0x35, 0x23, 0x06, 0x09, 0x00, 0x82, 0x60, 0x60, 0x90, 0xc1, 0xe3, 0x79,
  0x8a, 0x33, 0x62, 0x70, 0x00, 0x20, 0x08, 0x06, 0xcd, 0x18, 0x34, 0xc9,
  0x37, 0x9a, 0x10, 0x00, 0xa3, 0x09, 0x42, 0x30, 0x9a, 0x30, 0x08, 0xa3,
  0x09, 0xc4, 0x30, 0x62, 0x70, 0x00, 0x20, 0x08, 0x06, 0x0d, 0x1a, 0x48,
  0x4e, 0x19, 0x8c, 0x26, 0x04, 0xc0, 0x68, 0x82, 0x10, 0x8c, 0x26, 0x0c,
  0xc2, 0x68, 0x02, 0x31, 0x8c, 0x18, 0x1c, 0x00, 0x08, 0x82, 0x41, 0xd3,
  0x06, 0xd7, 0x54, 0x06, 0xa3, 0x09, 0x01, 0x30, 0x9a, 0x20, 0x04, 0xa3,
  0x09, 0x83, 0x30, 0x9a, 0x40, 0x0c, 0xe6, 0x44, 0xf2, 0x19, 0x31, 0x40,
  0x00, 0x10, 0x04, 0x83, 0x47, 0x0e, 0x3c, 0x25, 0x0a, 0xcc, 0x08, 0xa0,
  0x63, 0x10, 0x25, 0x9f, 0x11, 0x03, 0x04, 0x00, 0x41, 0x30, 0x78, 0xea,
  0x20, 0x0c, 0x18, 0x2a, 0xb0, 0x00, 0x81, 0x8e, 0x49, 0x97, 0x7c, 0x46,
  0x0c, 0x10, 0x00, 0x04, 0xc1, 0xe0, 0xc1, 0x03, 0x32, 0x70, 0xae, 0xc0,
  0x02, 0x05, 0x3a, 0x46, 0x69, 0xf2, 0x19, 0x31, 0x40, 0x00, 0x10, 0x04,
  0x83, 0x67, 0x0f, 0xce, 0x00, 0xd2, 0x02, 0x0b, 0x18, 0xe8, 0x8c, 0x18,
  0x24, 0x00, 0x08, 0x82, 0x01, 0xf2, 0x07, 0x6c, 0xa0, 0x07, 0x7a, 0x20,
  0x07, 0xdf, 0x88, 0x41, 0x02, 0x80, 0x20, 0x18, 0x20, 0x7f, 0xc0, 0x06,
  0x7a, 0xa0, 0x07, 0x66, 0xe0, 0x8d, 0x18, 0x24, 0x00, 0x08, 0x82, 0x01,
  0xf2, 0x07, 0x6c, 0xb0, 0x07, 0x7a, 0x20, 0x07, 0x63, 0x30, 0x62, 0x90,
  0x00, 0x20, 0x08, 0x06, 0xc8, 0x1f, 0xb0, 0xc1, 0x1e, 0xe8, 0x81, 0x19,
  0x88, 0xc1, 0x88, 0x41, 0x02, 0x80, 0x20, 0x18, 0x20, 0x7f, 0xc0, 0x06,
  0x7b, 0xa0, 0x07, 0x71, 0x10, 0x06, 0x23, 0x06, 0x09, 0x00, 0x82, 0x60,
  0x80, 0xfc, 0x01, 0x1b, 0xec, 0x81, 0x1e, 0xbc, 0x01, 0x18, 0x8c, 0x18,
  0x24, 0x00, 0x08, 0x82, 0x01, 0xf2, 0x07, 0x6c, 0x50, 0x07, 0x7a, 0x20,
  0x07, 0xca, 0x88, 0x41, 0x02, 0x80, 0x20, 0x18, 0x20, 0x7f, 0xc0, 0x06,
  0x75, 0xa0, 0x07, 0x66, 0x70, 0x8c, 0x18, 0x24, 0x00, 0x08, 0x82, 0x01,
  0xf2, 0x07, 0x6c, 0x50, 0x07, 0x7a, 0x10, 0x07, 0xc4, 0x88, 0x41, 0x02,
  0x80, 0x20, 0x18, 0x20, 0x7f, 0xc0, 0x06, 0x75, 0xa0, 0x07, 0x6f, 0x10,
  0x20, 0x00, 0x00, 0x00, 0x00, 0x00, 0x00, 0x00
};
unsigned int __nuklear_sdl3_gpu_VERTEX_DXIL_len = 4280;
unsigned char __nuklear_sdl3_gpu_FRAGMENT_DXIL[] = {
  0x44, 0x58, 0x42, 0x43, 0x27, 0x05, 0xa1, 0x47, 0x0c, 0xdd, 0xd9, 0x04,
  0x1a, 0xd0, 0x0d, 0xb8, 0x59, 0x17, 0xe5, 0xee, 0x01, 0x00, 0x00, 0x00,
  0x68, 0x0f, 0x00, 0x00, 0x08, 0x00, 0x00, 0x00, 0x40, 0x00, 0x00, 0x00,
  0x50, 0x00, 0x00, 0x00, 0xac, 0x00, 0x00, 0x00, 0xe8, 0x00, 0x00, 0x00,
  0xe0, 0x01, 0x00, 0x00, 0x48, 0x08, 0x00, 0x00, 0x7c, 0x08, 0x00, 0x00,
  0x98, 0x08, 0x00, 0x00, 0x53, 0x46, 0x49, 0x30, 0x08, 0x00, 0x00, 0x00,
  0x00, 0x00, 0x00, 0x00, 0x00, 0x00, 0x00, 0x00, 0x49, 0x53, 0x47, 0x31,
  0x54, 0x00, 0x00, 0x00, 0x02, 0x00, 0x00, 0x00, 0x08, 0x00, 0x00, 0x00,
  0x00, 0x00, 0x00, 0x00, 0x48, 0x00, 0x00, 0x00, 0x00, 0x00, 0x00, 0x00,
  0x00, 0x00, 0x00, 0x00, 0x03, 0x00, 0x00, 0x00, 0x00, 0x00, 0x00, 0x00,
  0x03, 0x03, 0x00, 0x00, 0x00, 0x00, 0x00, 0x00, 0x00, 0x00, 0x00, 0x00,
  0x48, 0x00, 0x00, 0x00, 0x01, 0x00, 0x00, 0x00, 0x00, 0x00, 0x00, 0x00,
  0x03, 0x00, 0x00, 0x00, 0x01, 0x00, 0x00, 0x00, 0x0f, 0x0f, 0x00, 0x00,
  0x00, 0x00, 0x00, 0x00, 0x54, 0x45, 0x58, 0x43, 0x4f, 0x4f, 0x52, 0x44,
  0x00, 0x00, 0x00, 0x00, 0x4f, 0x53, 0x47, 0x31, 0x34, 0x00, 0x00, 0x00,
  0x01, 0x00, 0x00, 0x00, 0x08, 0x00, 0x00, 0x00, 0x00, 0x00, 0x00, 0x00,
  0x28, 0x00, 0x00, 0x00, 0x00, 0x00, 0x00, 0x00, 0x40, 0x00, 0x00, 0x00,
  0x03, 0x00, 0x00, 0x00, 0x00, 0x00, 0x00, 0x00, 0x0f, 0x00, 0x00, 0x00,
  0x00, 0x00, 0x00, 0x00, 0x53, 0x56, 0x5f, 0x54, 0x61, 0x72, 0x67, 0x65,
  0x74, 0x00, 0x00, 0x00, 0x50, 0x53, 0x56, 0x30, 0xf0, 0x00, 0x00, 0x00,
  0x34, 0x00, 0x00, 0x00, 0x00, 0x00, 0x00, 0x00, 0x00, 0x00, 0x00, 0x00,
  0x00, 0x00, 0x00, 0x00, 0x00, 0x00, 0x00, 0x00, 0x00, 0x00, 0x00, 0x00,
  0xff, 0xff, 0xff, 0xff, 0x00, 0x00, 0x00, 0x00, 0x02, 0x01, 0x00, 0x02,
  0x01, 0x00, 0x00, 0x00, 0x00, 0x00, 0x00, 0x00, 0x00, 0x00, 0x00, 0x00,
  0x00, 0x00, 0x00, 0x00, 0x13, 0x00, 0x00, 0x00, 0x02, 0x00, 0x00, 0x00,
  0x18, 0x00, 0x00, 0x00, 0x01, 0x00, 0x00, 0x00, 0x02, 0x00, 0x00, 0x00,
  0x00, 0x00, 0x00, 0x00, 0x00, 0x00, 0x00, 0x00, 0x0e, 0x00, 0x00, 0x00,
  0x00, 0x00, 0x00, 0x00, 0x03, 0x00, 0x00, 0x00, 0x02, 0x00, 0x00, 0x00,
  0x00, 0x00, 0x00, 0x00, 0x00, 0x00, 0x00, 0x00, 0x02, 0x00, 0x00, 0x00,
  0x00, 0x00, 0x00, 0x00, 0x1c, 0x00, 0x00, 0x00, 0x00, 0x54, 0x45, 0x58,
  0x43, 0x4f, 0x4f, 0x52, 0x44, 0x00, 0x54, 0x45, 0x58, 0x43, 0x4f, 0x4f,
  0x52, 0x44, 0x00, 0x46, 0x52, 0x41, 0x47, 0x4d, 0x45, 0x4e, 0x54, 0x00,
  0x02, 0x00, 0x00, 0x00, 0x00, 0x00, 0x00, 0x00, 0x01, 0x00, 0x00, 0x00,
  0x10, 0x00, 0x00, 0x00, 0x01, 0x00, 0x00, 0x00, 0x00, 0x00, 0x00, 0x00,
  0x01, 0x00, 0x42, 0x00, 0x03, 0x02, 0x00, 0x00, 0x0a, 0x00, 0x00, 0x00,
  0x01, 0x00, 0x00, 0x00, 0x01, 0x01, 0x44, 0x00, 0x03, 0x02, 0x00, 0x00,
  0x00, 0x00, 0x00, 0x00, 0x00, 0x00, 0x00, 0x00, 0x01, 0x00, 0x44, 0x10,
  0x03, 0x00, 0x00, 0x00, 0x0f, 0x00, 0x00, 0x00, 0x0f, 0x00, 0x00, 0x00,
  0x00, 0x00, 0x00, 0x00, 0x00, 0x00, 0x00, 0x00, 0x01, 0x00, 0x00, 0x00,
  0x02, 0x00, 0x00, 0x00, 0x04, 0x00, 0x00, 0x00, 0x08, 0x00, 0x00, 0x00,
  0x53, 0x54, 0x41, 0x54, 0x60, 0x06, 0x00, 0x00, 0x60, 0x00, 0x00, 0x00,
  0x98, 0x01, 0x00, 0x00, 0x44, 0x58, 0x49, 0x4c, 0x00, 0x01, 0x00, 0x00,
  0x10, 0x00, 0x00, 0x00, 0x48, 0x06, 0x00, 0x00, 0x42, 0x43, 0xc0, 0xde,
  0x21, 0x0c, 0x00, 0x00, 0x8f, 0x01, 0x00, 0x00, 0x0b, 0x82, 0x20, 0x00,
  0x02, 0x00, 0x00, 0x00, 0x13, 0x00, 0x00, 0x00, 0x07, 0x81, 0x23, 0x91,
  0x41, 0xc8, 0x04, 0x49, 0x06, 0x10, 0x32, 0x39, 0x92, 0x01, 0x84, 0x0c,
  0x25, 0x05, 0x08, 0x19, 0x1e, 0x04, 0x8b, 0x62, 0x80, 0x14, 0x45, 0x02,
  0x42, 0x92, 0x0b, 0x42, 0xa4, 0x10, 0x32, 0x14, 0x38, 0x08, 0x18, 0x4b,
  0x0a, 0x32, 0x52, 0x88, 0x48, 0x90, 0x14, 0x20, 0x43, 0x46, 0x88, 0xa5,
  0x00, 0x19, 0x32, 0x42, 0xe4, 0x48, 0x0e, 0x90, 0x91, 0x22, 0xc4, 0x50,
  0x41, 0x51, 0x81, 0x8c, 0xe1, 0x83, 0xe5, 0x8a, 0x04, 0x29, 0x46, 0x06,
  0x51, 0x18, 0x00, 0x00, 0x08, 0x00, 0x00, 0x00, 0x1b, 0x8c, 0xe0, 0xff,
  0xff, 0xff, 0xff, 0x07, 0x40, 0x02, 0xa8, 0x0d, 0x84, 0xf0, 0xff, 0xff,
  0xff, 0xff, 0x03, 0x20, 0x6d, 0x30, 0x86, 0xff, 0xff, 0xff, 0xff, 0x1f,
  0x00, 0x09, 0xa8, 0x00, 0x49, 0x18, 0x00, 0x00, 0x03, 0x00, 0x00, 0x00,
  0x13, 0x82, 0x60, 0x42, 0x20, 0x4c, 0x08, 0x06, 0x00, 0x00, 0x00, 0x00,
  0x89, 0x20, 0x00, 0x00, 0x43, 0x00, 0x00, 0x00, 0x32, 0x22, 0x48, 0x09,
  0x20, 0x64, 0x85, 0x04, 0x93, 0x22, 0xa4, 0x84, 0x04, 0x93, 0x22, 0xe3,
  0x84, 0xa1, 0x90, 0x14, 0x12, 0x4c, 0x8a, 0x8c, 0x0b, 0x84, 0xa4, 0x4c,
  0x10, 0x68, 0x23, 0x00, 0x25, 0x00, 0x14, 0x66, 0x00, 0xe6, 0x08, 0xc0,
  0x60, 0x8e, 0x00, 0x29, 0xc6, 0x20, 0x84, 0x14, 0x42, 0xa6, 0x18, 0x80,
  0x10, 0x52, 0x06, 0xa1, 0x9b, 0x86, 0xcb, 0x9f, 0xb0, 0x87, 0x90, 0xfc,
  0x95, 0x90, 0x56, 0x62, 0xf2, 0x8b, 0xdb, 0x46, 0xc5, 0x18, 0x63, 0x10,
  0x2a, 0xf7, 0x0c, 0x97, 0x3f, 0x61, 0x0f, 0x21, 0xf9, 0x21, 0xd0, 0x0c,
  0x0b, 0x81, 0x82, 0x55, 0x18, 0x45, 0x18, 0x1b, 0x63, 0x0c, 0x42, 0xc8,
  0xa0, 0x36, 0x47, 0x10, 0x14, 0x83, 0x91, 0x42, 0xc8, 0x23, 0x38, 0x10,
  0x30, 0x8c, 0x40, 0x0c, 0x33, 0xb5, 0xc1, 0x38, 0xb0, 0x43, 0x38, 0xcc,
  0xc3, 0x3c, 0xb8, 0x01, 0x2d, 0x94, 0x03, 0x3e, 0xd0, 0x43, 0x3d, 0xc8,
  0x43, 0x39, 0xc8, 0x01, 0x29, 0xf0, 0x81, 0x3d, 0x94, 0xc3, 0x38, 0xd0,
  0xc3, 0x3b, 0xc8, 0x03, 0x1f, 0x98, 0x03, 0x3b, 0xbc, 0x43, 0x38, 0xd0,
  0x03, 0x1b, 0x80, 0x01, 0x1d, 0xf8, 0x01, 0x18, 0xf8, 0x81, 0x1e, 0xe8,
  0x41, 0x3b, 0xa4, 0x03, 0x3c, 0xcc, 0xc3, 0x2f, 0xd0, 0x43, 0x3e, 0xc0,
  0x43, 0x39, 0xa0, 0x80, 0xcc, 0x24, 0x06, 0xe3, 0xc0, 0x0e, 0xe1, 0x30,
  0x0f, 0xf3, 0xe0, 0x06, 0xb4, 0x50, 0x0e, 0xf8, 0x40, 0x0f, 0xf5, 0x20,
  0x0f, 0xe5, 0x20, 0x07, 0xa4, 0xc0, 0x07, 0xf6, 0x50, 0x0e, 0xe3, 0x40,
  0x0f, 0xef, 0x20, 0x0f, 0x7c, 0x60, 0x0e, 0xec, 0xf0, 0x0e, 0xe1, 0x40,
  0x0f, 0x6c, 0x00, 0x06, 0x74, 0xe0, 0x07, 0x60, 0xe0, 0x07, 0x48, 0x98,
  0x94, 0xea, 0x4d, 0xd2, 0x14, 0x51, 0xc2, 0xe4, 0xb3, 0x00, 0xf3, 0x2c,
  0x44, 0xc4, 0x4e, 0xc0, 0x44, 0xa0, 0x80, 0xd0, 0x4d, 0x05, 0x02, 0x00,
  0x13, 0x14, 0x72, 0xc0, 0x87, 0x74, 0x60, 0x87, 0x36, 0x68, 0x87, 0x79,
  0x68, 0x03, 0x72, 0xc0, 0x87, 0x0d, 0xaf, 0x50, 0x0e, 0x6d, 0xd0, 0x0e,
  0x7a, 0x50, 0x0e, 0x6d, 0x00, 0x0f, 0x7a, 0x30, 0x07, 0x72, 0xa0, 0x07,
  0x73, 0x20, 0x07, 0x6d, 0x90, 0x0e, 0x71, 0xa0, 0x07, 0x73, 0x20, 0x07,
  0x6d, 0x90, 0x0e, 0x78, 0xa0, 0x07, 0x73, 0x20, 0x07, 0x6d, 0x90, 0x0e,
  0x71, 0x60, 0x07, 0x7a, 0x30, 0x07, 0x72, 0xd0, 0x06, 0xe9, 0x30, 0x07,
  0x72, 0xa0, 0x07, 0x73, 0x20, 0x07, 0x6d, 0x90, 0x0e, 0x76, 0x40, 0x07,
  0x7a, 0x60, 0x07, 0x74, 0xd0, 0x06, 0xe6, 0x10, 0x07, 0x76, 0xa0, 0x07,
  0x73, 0x20, 0x07, 0x6d, 0x60, 0x0e, 0x73, 0x20, 0x07, 0x7a, 0x30, 0x07,
  0x72, 0xd0, 0x06, 0xe6, 0x60, 0x07, 0x74, 0xa0, 0x07, 0x76, 0x40, 0x07,
  0x6d, 0xe0, 0x0e, 0x78, 0xa0, 0x07, 0x71, 0x60, 0x07, 0x7a, 0x30, 0x07,
  0x72, 0xa0, 0x07, 0x76, 0x40, 0x07, 0x43, 0x9e, 0x00, 0x08, 0x00, 0x00,
  0x00, 0x00, 0x00, 0x00, 0x00, 0x00, 0x00, 0x86, 0x3c, 0x06, 0x10, 0x00,
  0x01, 0x00, 0x00, 0x00, 0x00, 0x00, 0x00, 0x00, 0x0c, 0x79, 0x10, 0x20,
  0x00, 0x04, 0x00, 0x00, 0x00, 0x00, 0x00, 0x00, 0x00, 0x18, 0xf2, 0x34,
  0x40, 0x00, 0x0c, 0x00, 0x00, 0x00, 0x00, 0x00, 0x00, 0x00, 0x30, 0xe4,
  0x81, 0x80, 0x00, 0x18, 0x00, 0x00, 0x00, 0x00, 0x00, 0x00, 0x00, 0x20,
  0x0b, 0x04, 0x00, 0x00, 0x0f, 0x00, 0x00, 0x00, 0x32, 0x1e, 0x98, 0x14,
  0x19, 0x11, 0x4c, 0x90, 0x8c, 0x09, 0x26, 0x47, 0xc6, 0x04, 0x43, 0x22,
  0x25, 0x30, 0x02, 0x50, 0x0c, 0x45, 0x50, 0x12, 0x65, 0x50, 0x1e, 0x85,
  0x50, 0x2c, 0x54, 0x4a, 0x62, 0x04, 0xa0, 0x08, 0x0a, 0xa1, 0x40, 0xc8,
  0xce, 0x00, 0x10, 0x9e, 0x01, 0xa0, 0x3c, 0x96, 0x82, 0x10, 0xcf, 0x03,
  0x00, 0x81, 0x40, 0x20, 0x00, 0x00, 0x00, 0x00, 0x79, 0x18, 0x00, 0x00,
  0x7b, 0x00, 0x00, 0x00, 0x1a, 0x03, 0x4c, 0x90, 0x46, 0x02, 0x13, 0xc4,
  0x31, 0x20, 0xc3, 0x1b, 0x43, 0x81, 0x93, 0x4b, 0xb3, 0x0b, 0xa3, 0x2b,
  0x4b, 0x01, 0x89, 0x71, 0xc1, 0x71, 0x81, 0x71, 0xa1, 0xc9, 0xa1, 0xb1,
  0x01, 0x41, 0xc9, 0x29, 0x33, 0x13, 0x13, 0xb3, 0x19, 0x9b, 0x91, 0x49,
  0xd9, 0x10, 0x04, 0x13, 0x04, 0xa2, 0x98, 0x20, 0x10, 0xc6, 0x06, 0x61,
  0x20, 0x36, 0x08, 0x04, 0x41, 0x01, 0x6e, 0x6e, 0x82, 0x40, 0x1c, 0x1b,
  0x86, 0x03, 0x21, 0x26, 0x08, 0xd6, 0xc4, 0x83, 0xaa, 0x0c, 0x8f, 0xae,
  0x4e, 0xae, 0x6c, 0x82, 0x40, 0x20, 0x13, 0x04, 0x22, 0xd9, 0x20, 0x10,
  0xcd, 0x86, 0x84, 0x50, 0x16, 0x86, 0x18, 0x18, 0xc2, 0xd9, 0x10, 0x3c,
  0x13, 0x04, 0x8c, 0xe2, 0x31, 0x15, 0xd6, 0x06, 0xc7, 0x56, 0x26, 0xb7,
  0x01, 0x21, 0x22, 0x89, 0x21, 0x06, 0x02, 0xd8, 0x10, 0x4c, 0x1b, 0x08,
  0x08, 0x00, 0xa8, 0x09, 0x82, 0x00, 0x6c, 0x00, 0x36, 0x0c, 0xc4, 0x75,
  0x6d, 0x08, 0xb0, 0x0d, 0xc3, 0x60, 0x65, 0x13, 0x84, 0xac, 0xda, 0x10,
  0x6c, 0x44, 0x8c, 0xa4, 0x82, 0x8e, 0x9a, 0x8a, 0x9c, 0xa8, 0x88, 0x50,
  0x15, 0x61, 0x0d, 0x3d, 0x3d, 0x49, 0x11, 0x4d, 0x10, 0x0a, 0x67, 0x82,
  0x50, 0x3c, 0x1b, 0x02, 0x62, 0x82, 0x50, 0x40, 0x13, 0x04, 0x42, 0xd9,
  0x20, 0x8c, 0xc1, 0x18, 0x6c, 0x58, 0x08, 0xef, 0x03, 0x83, 0x30, 0x10,
  0x83, 0x41, 0x0c, 0x08, 0x30, 0x20, 0x83, 0x0d, 0xc1, 0x30, 0x41, 0x28,
  0xa2, 0x09, 0x02, 0xb1, 0x6c, 0x10, 0xc6, 0x00, 0x0d, 0x36, 0x2c, 0x83,
  0xf7, 0x81, 0x81, 0x19, 0x88, 0xc1, 0x70, 0x06, 0x03, 0x18, 0xa4, 0xc1,
  0x06, 0xa1, 0x0c, 0xd4, 0x80, 0xc9, 0x94, 0xd5, 0x17, 0x55, 0x98, 0xdc,
  0x59, 0x19, 0xdd, 0x04, 0xa1, 0x90, 0x36, 0x2c, 0x04, 0x1b, 0x7c, 0x6d,
  0x10, 0x06, 0x60, 0x30, 0x9c, 0x01, 0x01, 0x06, 0x69, 0xb0, 0x21, 0x70,
  0x83, 0x0d, 0xc3, 0x1a, 0xbc, 0x01, 0xb0, 0xa1, 0xb0, 0x3a, 0x38, 0xa8,
  0x00, 0x1a, 0x66, 0x6c, 0x6f, 0x61, 0x74, 0x73, 0x13, 0x04, 0x82, 0x61,
  0x91, 0xe6, 0x36, 0x47, 0x37, 0x37, 0x41, 0x20, 0x1a, 0x1a, 0x73, 0x69,
  0x67, 0x5f, 0x6c, 0x64, 0x34, 0xe6, 0xd2, 0xce, 0xbe, 0xe6, 0xe8, 0x88,
  0xd0, 0x95, 0xe1, 0x7d, 0xb9, 0xbd, 0xc9, 0xb5, 0x6d, 0x50, 0xe4, 0x60,
  0x0e, 0xe8, 0xa0, 0x0e, 0xec, 0x00, 0xb9, 0x83, 0x39, 0xc0, 0x83, 0xa1,
  0x0a, 0x1b, 0x9b, 0x5d, 0x9b, 0x4b, 0x1a, 0x59, 0x99, 0x1b, 0xdd, 0x94,
  0x20, 0xa8, 0x42, 0x86, 0xe7, 0x62, 0x57, 0x26, 0x37, 0x97, 0xf6, 0xe6,
  0x36, 0x25, 0x20, 0x9a, 0x90, 0xe1, 0xb9, 0xd8, 0x85, 0xb1, 0xd9, 0x95,
  0xc9, 0x4d, 0x09, 0x8a, 0x3a, 0x64, 0x78, 0x2e, 0x73, 0x68, 0x61, 0x64,
  0x65, 0x72, 0x4d, 0x6f, 0x64, 0x65, 0x6c, 0x53, 0x02, 0xa4, 0x0c, 0x19,
  0x9e, 0x8b, 0x5c, 0xd9, 0xdc, 0x5b, 0x9d, 0xdc, 0x58, 0xd9, 0xdc, 0x94,
  0x80, 0xaa, 0x44, 0x86, 0xe7, 0x42, 0x97, 0x07, 0x57, 0x16, 0xe4, 0xe6,
  0xf6, 0x46, 0x17, 0x46, 0x97, 0xf6, 0xe6, 0x36, 0x37, 0x25, 0xc8, 0xea,
  0x90, 0xe1, 0xb9, 0xd8, 0xa5, 0x95, 0xdd, 0x25, 0x91, 0x4d, 0xd1, 0x85,
  0xd1, 0x95, 0x4d, 0x09, 0xb6, 0x3a, 0x64, 0x78, 0x2e, 0x65, 0x6e, 0x74,
  0x72, 0x79, 0x50, 0x6f, 0x69, 0x6e, 0x74, 0x73, 0x53, 0x02, 0x38, 0xe8,
  0x42, 0x86, 0xe7, 0x32, 0xf6, 0x56, 0xe7, 0x46, 0x57, 0x26, 0x37, 0x37,
  0x25, 0xc0, 0x03, 0x00, 0x79, 0x18, 0x00, 0x00, 0x4c, 0x00, 0x00, 0x00,
  0x33, 0x08, 0x80, 0x1c, 0xc4, 0xe1, 0x1c, 0x66, 0x14, 0x01, 0x3d, 0x88,
  0x43, 0x38, 0x84, 0xc3, 0x8c, 0x42, 0x80, 0x07, 0x79, 0x78, 0x07, 0x73,
  0x98, 0x71, 0x0c, 0xe6, 0x00, 0x0f, 0xed, 0x10, 0x0e, 0xf4, 0x80, 0x0e,
  0x33, 0x0c, 0x42, 0x1e, 0xc2, 0xc1, 0x1d, 0xce, 0xa1, 0x1c, 0x66, 0x30,
  0x05, 0x3d, 0x88, 0x43, 0x38, 0x84, 0x83, 0x1b, 0xcc, 0x03, 0x3d, 0xc8,
  0x43, 0x3d, 0x8c, 0x03, 0x3d, 0xcc, 0x78, 0x8c, 0x74, 0x70, 0x07, 0x7b,
  0x08, 0x07, 0x79, 0x48, 0x87, 0x70, 0x70, 0x07, 0x7a, 0x70, 0x03, 0x76,
  0x78, 0x87, 0x70, 0x20, 0x87, 0x19, 0xcc, 0x11, 0x0e, 0xec, 0x90, 0x0e,
  0xe1, 0x30, 0x0f, 0x6e, 0x30, 0x0f, 0xe3, 0xf0, 0x0e, 0xf0, 0x50, 0x0e,
  0x33, 0x10, 0xc4, 0x1d, 0xde, 0x21, 0x1c, 0xd8, 0x21, 0x1d, 0xc2, 0x61,
  0x1e, 0x66, 0x30, 0x89, 0x3b, 0xbc, 0x83, 0x3b, 0xd0, 0x43, 0x39, 0xb4,
  0x03, 0x3c, 0xbc, 0x83, 0x3c, 0x84, 0x03, 0x3b, 0xcc, 0xf0, 0x14, 0x76,
  0x60, 0x07, 0x7b, 0x68, 0x07, 0x37, 0x68, 0x87, 0x72, 0x68, 0x07, 0x37,
  0x80, 0x87, 0x70, 0x90, 0x87, 0x70, 0x60, 0x07, 0x76, 0x28, 0x07, 0x76,
  0xf8, 0x05, 0x76, 0x78, 0x87, 0x77, 0x80, 0x87, 0x5f, 0x08, 0x87, 0x71,
  0x18, 0x87, 0x72, 0x98, 0x87, 0x79, 0x98, 0x81, 0x2c, 0xee, 0xf0, 0x0e,
  0xee, 0xe0, 0x0e, 0xf5, 0xc0, 0x0e, 0xec, 0x30, 0x03, 0x62, 0xc8, 0xa1,
  0x1c, 0xe4, 0xa1, 0x1c, 0xcc, 0xa1, 0x1c, 0xe4, 0xa1, 0x1c, 0xdc, 0x61,
  0x1c, 0xca, 0x21, 0x1c, 0xc4, 0x81, 0x1d, 0xca, 0x61, 0x06, 0xd6, 0x90,
  0x43, 0x39, 0xc8, 0x43, 0x39, 0x98, 0x43, 0x39, 0xc8, 0x43, 0x39, 0xb8,
  0xc3, 0x38, 0x94, 0x43, 0x38, 0x88, 0x03, 0x3b, 0x94, 0xc3, 0x2f, 0xbc,
  0x83, 0x3c, 0xfc, 0x82, 0x3b, 0xd4, 0x03, 0x3b, 0xb0, 0xc3, 0x8c, 0xc8,
  0x21, 0x07, 0x7c, 0x70, 0x03, 0x72, 0x10, 0x87, 0x73, 0x70, 0x03, 0x7b,
  0x08, 0x07, 0x79, 0x60, 0x87, 0x70, 0xc8, 0x87, 0x77, 0xa8, 0x07, 0x7a,
  0x98, 0x81, 0x3c, 0xe4, 0x80, 0x0f, 0x6e, 0x40, 0x0f, 0xe5, 0xd0, 0x0e,
  0xf0, 0x00, 0x00, 0x00, 0x71, 0x20, 0x00, 0x00, 0x13, 0x00, 0x00, 0x00,
  0x06, 0x80, 0x7c, 0xab, 0x06, 0x9a, 0xde, 0xd9, 0x1a, 0x81, 0x34, 0x5c,
  0xbe, 0xf3, 0xf8, 0x42, 0x44, 0x00, 0x13, 0x11, 0x02, 0xcd, 0xb0, 0x10,
  0x16, 0x30, 0x0d, 0x97, 0xef, 0x3c, 0xfe, 0xe2, 0x00, 0x83, 0xd8, 0x3c,
  0xd4, 0xe4, 0x17, 0xb7, 0x6d, 0x03, 0xd0, 0x70, 0xf9, 0xce, 0xe3, 0x4b,
  0x00, 0xf3, 0x2c, 0x84, 0x5f, 0xdc, 0xb6, 0x09, 0x54, 0xc3, 0xe5, 0x3b,
  0x8f, 0x2f, 0x4d, 0x4e, 0x44, 0xa0, 0xd4, 0xf4, 0x50, 0x93, 0x5f, 0xdc,
  0x36, 0x00, 0x00, 0x00, 0x00, 0x00, 0x00, 0x00, 0x49, 0x4c, 0x44, 0x4e,
  0x2c, 0x00, 0x00, 0x00, 0x00, 0x00, 0x24, 0x00, 0x31, 0x35, 0x37, 0x31,
  0x32, 0x61, 0x65, 0x38, 0x61, 0x34, 0x36, 0x32, 0x65, 0x31, 0x65, 0x37,
  0x33, 0x32, 0x32, 0x37, 0x32, 0x64, 0x32, 0x61, 0x66, 0x32, 0x38, 0x31,
  0x31, 0x32, 0x34, 0x36, 0x2e, 0x70, 0x64, 0x62, 0x00, 0x00, 0x00, 0x00,
  0x48, 0x41, 0x53, 0x48, 0x14, 0x00, 0x00, 0x00, 0x00, 0x00, 0x00, 0x00,
  0x15, 0x71, 0x2a, 0xe8, 0xa4, 0x62, 0xe1, 0xe7, 0x32, 0x27, 0x2d, 0x2a,
  0xf2, 0x81, 0x12, 0x46, 0x44, 0x58, 0x49, 0x4c, 0xc8, 0x06, 0x00, 0x00,
  0x60, 0x00, 0x00, 0x00, 0xb2, 0x01, 0x00, 0x00, 0x44, 0x58, 0x49, 0x4c,
  0x00, 0x01, 0x00, 0x00, 0x10, 0x00, 0x00, 0x00, 0xb0, 0x06, 0x00, 0x00,
  0x42, 0x43, 0xc0, 0xde, 0x21, 0x0c, 0x00, 0x00, 0xa9, 0x01, 0x00, 0x00,
  0x0b, 0x82, 0x20, 0x00, 0x02, 0x00, 0x00, 0x00, 0x13, 0x00, 0x00, 0x00,
  0x07, 0x81, 0x23, 0x91, 0x41, 0xc8, 0x04, 0x49, 0x06, 0x10, 0x32, 0x39,
  0x92, 0x01, 0x84, 0x0c, 0x25, 0x05, 0x08, 0x19, 0x1e, 0x04, 0x8b, 0x62,
  0x80, 0x14, 0x45, 0x02, 0x42, 0x92, 0x0b, 0x42, 0xa4, 0x10, 0x32, 0x14,
  0x38, 0x08, 0x18, 0x4b, 0x0a, 0x32, 0x52, 0x88, 0x48, 0x90, 0x14, 0x20,
  0x43, 0x46, 0x88, 0xa5, 0x00, 0x19, 0x32, 0x42, 0xe4, 0x48, 0x0e, 0x90,
  0x91, 0x22, 0xc4, 0x50, 0x41, 0x51, 0x81, 0x8c, 0xe1, 0x83, 0xe5, 0x8a,
  0x04, 0x29, 0x46, 0x06, 0x51, 0x18, 0x00, 0x00, 0x08, 0x00, 0x00, 0x00,
  0x1b, 0x8c, 0xe0, 0xff, 0xff, 0xff, 0xff, 0x07, 0x40, 0x02, 0xa8, 0x0d,
  0x84, 0xf0, 0xff, 0xff, 0xff, 0xff, 0x03, 0x20, 0x6d, 0x30, 0x86, 0xff,
  0xff, 0xff, 0xff, 0x1f, 0x00, 0x09, 0xa8, 0x00, 0x49, 0x18, 0x00, 0x00,
  0x03, 0x00, 0x00, 0x00, 0x13, 0x82, 0x60, 0x42, 0x20, 0x4c, 0x08, 0x06,
  0x00, 0x00, 0x00, 0x00, 0x89, 0x20, 0x00, 0x00, 0x43, 0x00, 0x00, 0x00,
  0x32, 0x22, 0x48, 0x09, 0x20, 0x64, 0x85, 0x04, 0x93, 0x22, 0xa4, 0x84,
  0x04, 0x93, 0x22, 0xe3, 0x84, 0xa1, 0x90, 0x14, 0x12, 0x4c, 0x8a, 0x8c,
  0x0b, 0x84, 0xa4, 0x4c, 0x10, 0x68, 0x23, 0x00, 0x25, 0x00, 0x14, 0x66,
  0x00, 0xe6, 0x08, 0xc0, 0x60, 0x8e, 0x00, 0x29, 0xc6, 0x20, 0x84, 0x14,
  0x42, 0xa6, 0x18, 0x80, 0x10, 0x52, 0x06, 0xa1, 0x9b, 0x86, 0xcb, 0x9f,
  0xb0, 0x87, 0x90, 0xfc, 0x95, 0x90, 0x56, 0x62, 0xf2, 0x8b, 0xdb, 0x46,
  0xc5, 0x18, 0x63, 0x10, 0x2a, 0xf7, 0x0c, 0x97, 0x3f, 0x61, 0x0f, 0x21,
  0xf9, 0x21, 0xd0, 0x0c, 0x0b, 0x81, 0x82, 0x55, 0x18, 0x45, 0x18, 0x1b,
  0x63, 0x0c, 0x42, 0xc8, 0xa0, 0x36, 0x47, 0x10, 0x14, 0x83, 0x91, 0x42,
  0xc8, 0x23, 0x38, 0x10, 0x30, 0x8c, 0x40, 0x0c, 0x33, 0xb5, 0xc1, 0x38,
  0xb0, 0x43, 0x38, 0xcc, 0xc3, 0x3c, 0xb8, 0x01, 0x2d, 0x94, 0x03, 0x3e,
  0xd0, 0x43, 0x3d, 0xc8, 0x43, 0x39, 0xc8, 0x01, 0x29, 0xf0, 0x81, 0x3d,
  0x94, 0xc3, 0x38, 0xd0, 0xc3, 0x3b, 0xc8, 0x03, 0x1f, 0x98, 0x03, 0x3b,
  0xbc, 0x43, 0x38, 0xd0, 0x03, 0x1b, 0x80, 0x01, 0x1d, 0xf8, 0x01, 0x18,
  0xf8, 0x81, 0x1e, 0xe8, 0x41, 0x3b, 0xa4, 0x03, 0x3c, 0xcc, 0xc3, 0x2f,
  0xd0, 0x43, 0x3e, 0xc0, 0x43, 0x39, 0xa0, 0x80, 0xcc, 0x24, 0x06, 0xe3,
  0xc0, 0x0e, 0xe1, 0x30, 0x0f, 0xf3, 0xe0, 0x06, 0xb4, 0x50, 0x0e, 0xf8,
  0x40, 0x0f, 0xf5, 0x20, 0x0f, 0xe5, 0x20, 0x07, 0xa4, 0xc0, 0x07, 0xf6,
  0x50, 0x0e, 0xe3, 0x40, 0x0f, 0xef, 0x20, 0x0f, 0x7c, 0x60, 0x0e, 0xec,
  0xf0, 0x0e, 0xe1, 0x40, 0x0f, 0x6c, 0x00, 0x06, 0x74, 0xe0, 0x07, 0x60,
  0xe0, 0x07, 0x48, 0x98, 0x94, 0xea, 0x4d, 0xd2, 0x14, 0x51, 0xc2, 0xe4,
  0xb3, 0x00, 0xf3, 0x2c, 0x44, 0xc4, 0x4e, 0xc0, 0x44, 0xa0, 0x80, 0xd0,
  0x4d, 0x05, 0x02, 0x00, 0x13, 0x14, 0x72, 0xc0, 0x87, 0x74, 0x60, 0x87,
  0x36, 0x68, 0x87, 0x79, 0x68, 0x03, 0x72, 0xc0, 0x87, 0x0d, 0xaf, 0x50,
  0x0e, 0x6d, 0xd0, 0x0e, 0x7a, 0x50, 0x0e, 0x6d, 0x00, 0x0f, 0x7a, 0x30,
  0x07, 0x72, 0xa0, 0x07, 0x73, 0x20, 0x07, 0x6d, 0x90, 0x0e, 0x71, 0xa0,
  0x07, 0x73, 0x20, 0x07, 0x6d, 0x90, 0x0e, 0x78, 0xa0, 0x07, 0x73, 0x20,
  0x07, 0x6d, 0x90, 0x0e, 0x71, 0x60, 0x07, 0x7a, 0x30, 0x07, 0x72, 0xd0,
  0x06, 0xe9, 0x30, 0x07, 0x72, 0xa0, 0x07, 0x73, 0x20, 0x07, 0x6d, 0x90,
  0x0e, 0x76, 0x40, 0x07, 0x7a, 0x60, 0x07, 0x74, 0xd0, 0x06, 0xe6, 0x10,
  0x07, 0x76, 0xa0, 0x07, 0x73, 0x20, 0x07, 0x6d, 0x60, 0x0e, 0x73, 0x20,
  0x07, 0x7a, 0x30, 0x07, 0x72, 0xd0, 0x06, 0xe6, 0x60, 0x07, 0x74, 0xa0,
  0x07, 0x76, 0x40, 0x07, 0x6d, 0xe0, 0x0e, 0x78, 0xa0, 0x07, 0x71, 0x60,
  0x07, 0x7a, 0x30, 0x07, 0x72, 0xa0, 0x07, 0x76, 0x40, 0x07, 0x43, 0x9e,
  0x00, 0x00, 0x00, 0x00, 0x00, 0x00, 0x00, 0x00, 0x00, 0x00, 0x00, 0x86,
  0x3c, 0x06, 0x10, 0x00, 0x01, 0x00, 0x00, 0x00, 0x00, 0x00, 0x00, 0x00,
  0x0c, 0x79, 0x10, 0x20, 0x00, 0x04, 0x00, 0x00, 0x00, 0x00, 0x00, 0x00,
  0x00, 0x18, 0xf2, 0x34, 0x40, 0x00, 0x0c, 0x00, 0x00, 0x00, 0x00, 0x00,
  0x00, 0x00, 0x30, 0xe4, 0x81, 0x80, 0x00, 0x18, 0x00, 0x00, 0x00, 0x00,
  0x00, 0x00, 0x00, 0x20, 0x0b, 0x04, 0x00, 0x00, 0x0e, 0x00, 0x00, 0x00,
  0x32, 0x1e, 0x98, 0x14, 0x19, 0x11, 0x4c, 0x90, 0x8c, 0x09, 0x26, 0x47,
  0xc6, 0x04, 0x43, 0x22, 0x25, 0x30, 0x02, 0x50, 0x12, 0xc5, 0x50, 0x04,
  0x65, 0x50, 0x1e, 0x54, 0x4a, 0x62, 0x04, 0xa0, 0x08, 0x0a, 0xa1, 0x40,
  0xc8, 0xce, 0x00, 0x10, 0x9e, 0x01, 0xa0, 0x3c, 0x96, 0x82, 0x10, 0xcf,
  0x03, 0x00, 0x81, 0x40, 0x20, 0x00, 0x00, 0x00, 0x79, 0x18, 0x00, 0x00,
  0x5a, 0x00, 0x00, 0x00, 0x1a, 0x03, 0x4c, 0x90, 0x46, 0x02, 0x13, 0xc4,
  0x31, 0x20, 0xc3, 0x1b, 0x43, 0x81, 0x93, 0x4b, 0xb3, 0x0b, 0xa3, 0x2b,
  0x4b, 0x01, 0x89, 0x71, 0xc1, 0x71, 0x81, 0x71, 0xa1, 0xc9, 0xa1, 0xb1,
  0x01, 0x41, 0xc9, 0x29, 0x33, 0x13, 0x13, 0xb3, 0x19, 0x9b, 0x91, 0x49,
  0xd9, 0x10, 0x04, 0x13, 0x04, 0xa2, 0x98, 0x20, 0x10, 0xc6, 0x06, 0x61,
  0x20, 0x26, 0x08, 0xc4, 0xb1, 0x41, 0x18, 0x0c, 0x0a, 0x70, 0x73, 0x13,
  0x04, 0x02, 0xd9, 0x30, 0x20, 0x09, 0x31, 0x41, 0xb0, 0x22, 0x02, 0x13,
  0x04, 0x22, 0xd9, 0x20, 0x10, 0xc6, 0x86, 0x84, 0x58, 0x98, 0x86, 0x18,
  0x1a, 0xc2, 0xd9, 0x10, 0x3c, 0x13, 0x04, 0x4c, 0xda, 0x80, 0x10, 0x11,
  0xd3, 0x10, 0x03, 0x01, 0x6c, 0x08, 0xa4, 0x0d, 0x04, 0x04, 0x00, 0xd3,
  0x04, 0x21, 0x9b, 0x36, 0x04, 0xd5, 0x04, 0x41, 0x00, 0x88, 0x18, 0x49,
  0x05, 0x1d, 0x35, 0x15, 0x39, 0x51, 0x11, 0xa1, 0x2a, 0xc2, 0x1a, 0x7a,
  0x7a, 0x92, 0x22, 0x9a, 0x20, 0x14, 0xcc, 0x04, 0xa1, 0x68, 0x36, 0x04,
  0xc4, 0x04, 0xa1, 0x70, 0x26, 0x08, 0x84, 0xb2, 0x41, 0xf0, 0xbc, 0x0d,
  0x0b, 0x91, 0x69, 0x1b, 0xd7, 0x0d, 0x1d, 0xb1, 0x7d, 0x1b, 0x82, 0x61,
  0x82, 0x50, 0x3c, 0x13, 0x04, 0x62, 0xd9, 0x20, 0x78, 0x63, 0xb0, 0x61,
  0x19, 0x32, 0x6d, 0x0b, 0x83, 0x6e, 0x10, 0x83, 0x61, 0x23, 0x83, 0x0d,
  0x02, 0x18, 0x94, 0x01, 0x93, 0x29, 0xab, 0x2f, 0xaa, 0x30, 0xb9, 0xb3,
  0x32, 0xba, 0x09, 0x42, 0x01, 0x6d, 0x58, 0x88, 0x33, 0xd0, 0xd0, 0x80,
  0xdb, 0x06, 0x31, 0x20, 0x36, 0x32, 0xd8, 0x10, 0xa4, 0xc1, 0x86, 0xc1,
  0x0c, 0xd4, 0x00, 0xd8, 0x50, 0x5c, 0xd8, 0x1a, 0x50, 0x40, 0x15, 0x36,
  0x36, 0xbb, 0x36, 0x97, 0x34, 0xb2, 0x32, 0x37, 0xba, 0x29, 0x41, 0x50,
  0x85, 0x0c, 0xcf, 0xc5, 0xae, 0x4c, 0x6e, 0x2e, 0xed, 0xcd, 0x6d, 0x4a,
  0x40, 0x34, 0x21, 0xc3, 0x73, 0xb1, 0x0b, 0x63, 0xb3, 0x2b, 0x93, 0x9b,
  0x12, 0x18, 0x75, 0xc8, 0xf0, 0x5c, 0xe6, 0xd0, 0xc2, 0xc8, 0xca, 0xe4,
  0x9a, 0xde, 0xc8, 0xca, 0xd8, 0xa6, 0x04, 0x49, 0x19, 0x32, 0x3c, 0x17,
  0xb9, 0xb2, 0xb9, 0xb7, 0x3a, 0xb9, 0xb1, 0xb2, 0xb9, 0x29, 0xc1, 0x54,
  0x87, 0x0c, 0xcf, 0xc5, 0x2e, 0xad, 0xec, 0x2e, 0x89, 0x6c, 0x8a, 0x2e,
  0x8c, 0xae, 0x6c, 0x4a, 0x50, 0xd5, 0x21, 0xc3, 0x73, 0x29, 0x73, 0xa3,
  0x93, 0xcb, 0x83, 0x7a, 0x4b, 0x73, 0xa3, 0x9b, 0x9b, 0x12, 0xac, 0x01,
  0x00, 0x00, 0x00, 0x00, 0x79, 0x18, 0x00, 0x00, 0x4c, 0x00, 0x00, 0x00,
  0x33, 0x08, 0x80, 0x1c, 0xc4, 0xe1, 0x1c, 0x66, 0x14, 0x01, 0x3d, 0x88,
  0x43, 0x38, 0x84, 0xc3, 0x8c, 0x42, 0x80, 0x07, 0x79, 0x78, 0x07, 0x73,
  0x98, 0x71, 0x0c, 0xe6, 0x00, 0x0f, 0xed, 0x10, 0x0e, 0xf4, 0x80, 0x0e,
  0x33, 0x0c, 0x42, 0x1e, 0xc2, 0xc1, 0x1d, 0xce, 0xa1, 0x1c, 0x66, 0x30,
  0x05, 0x3d, 0x88, 0x43, 0x38, 0x84, 0x83, 0x1b, 0xcc, 0x03, 0x3d, 0xc8,
  0x43, 0x3d, 0x8c, 0x03, 0x3d, 0xcc, 0x78, 0x8c, 0x74, 0x70, 0x07, 0x7b,
  0x08, 0x07, 0x79, 0x48, 0x87, 0x70, 0x70, 0x07, 0x7a, 0x70, 0x03, 0x76,
  0x78, 0x87, 0x70, 0x20, 0x87, 0x19, 0xcc, 0x11, 0x0e, 0xec, 0x90, 0x0e,
  0xe1, 0x30, 0x0f, 0x6e, 0x30, 0x0f, 0xe3, 0xf0, 0x0e, 0xf0, 0x50, 0x0e,
  0x33, 0x10, 0xc4, 0x1d, 0xde, 0x21, 0x1c, 0xd8, 0x21, 0x1d, 0xc2, 0x61,
  0x1e, 0x66, 0x30, 0x89, 0x3b, 0xbc, 0x83, 0x3b, 0xd0, 0x43, 0x39, 0xb4,
  0x03, 0x3c, 0xbc, 0x83, 0x3c, 0x84, 0x03, 0x3b, 0xcc, 0xf0, 0x14, 0x76,
  0x60, 0x07, 0x7b, 0x68, 0x07, 0x37, 0x68, 0x87, 0x72, 0x68, 0x07, 0x37,
  0x80, 0x87, 0x70, 0x90, 0x87, 0x70, 0x60, 0x07, 0x76, 0x28, 0x07, 0x76,
  0xf8, 0x05, 0x76, 0x78, 0x87, 0x77, 0x80, 0x87, 0x5f, 0x08, 0x87, 0x71,
  0x18, 0x87, 0x72, 0x98, 0x87, 0x79, 0x98, 0x81, 0x2c, 0xee, 0xf0, 0x0e,
  0xee, 0xe0, 0x0e, 0xf5, 0xc0, 0x0e, 0xec, 0x30, 0x03, 0x62, 0xc8, 0xa1,
  0x1c, 0xe4, 0xa1, 0x1c, 0xcc, 0xa1, 0x1c, 0xe4, 0xa1, 0x1c, 0xdc, 0x61,
  0x1c, 0xca, 0x21, 0x1c, 0xc4, 0x81, 0x1d, 0xca, 0x61, 0x06, 0xd6, 0x90,
  0x43, 0x39, 0xc8, 0x43, 0x39, 0x98, 0x43, 0x39, 0xc8, 0x43, 0x39, 0xb8,
  0xc3, 0x38, 0x94, 0x43, 0x38, 0x88, 0x03, 0x3b, 0x94, 0xc3, 0x2f, 0xbc,
  0x83, 0x3c, 0xfc, 0x82, 0x3b, 0xd4, 0x03, 0x3b, 0xb0, 0xc3, 0x8c, 0xc8,
  0x21, 0x07, 0x7c, 0x70, 0x03, 0x72, 0x10, 0x87, 0x73, 0x70, 0x03, 0x7b,
  0x08, 0x07, 0x79, 0x60, 0x87, 0x70, 0xc8, 0x87, 0x77, 0xa8, 0x07, 0x7a,
  0x98, 0x81, 0x3c, 0xe4, 0x80, 0x0f, 0x6e, 0x40, 0x0f, 0xe5, 0xd0, 0x0e,
  0xf0, 0x00, 0x00, 0x00, 0x71, 0x20, 0x00, 0x00, 0x13, 0x00, 0x00, 0x00,
  0x06, 0x80, 0x7c, 0xab, 0x06, 0x9a, 0xde, 0xd9, 0x1a, 0x81, 0x34, 0x5c,
  0xbe, 0xf3, 0xf8, 0x42, 0x44, 0x00, 0x13, 0x11, 0x02, 0xcd, 0xb0, 0x10,
  0x16, 0x30, 0x0d, 0x97, 0xef, 0x3c, 0xfe, 0xe2, 0x00, 0x83, 0xd8, 0x3c,
  0xd4, 0xe4, 0x17, 0xb7, 0x6d, 0x03, 0xd0, 0x70, 0xf9, 0xce, 0xe3, 0x4b,
  0x00, 0xf3, 0x2c, 0x84, 0x5f, 0xdc, 0xb6, 0x09, 0x54, 0xc3, 0xe5, 0x3b,
  0x8f, 0x2f, 0x4d, 0x4e, 0x44, 0xa0, 0xd4, 0xf4, 0x50, 0x93, 0x5f, 0xdc,
  0x36, 0x00, 0x00, 0x00, 0x61, 0x20, 0x00, 0x00, 0x3a, 0x00, 0x00, 0x00,
  0x13, 0x04, 0x41, 0x2c, 0x10, 0x00, 0x00, 0x00, 0x05, 0x00, 0x00, 0x00,
  0xf4, 0x46, 0x00, 0x88, 0xcc, 0x00, 0x14, 0x42, 0x29, 0x94, 0x5c, 0xe1,
  0x51, 0x29, 0x83, 0x12, 0xa0, 0x31, 0x03, 0x00, 0x23, 0x06, 0x09, 0x00,
  0x82, 0x60, 0x00, 0x65, 0x05, 0x74, 0x5d, 0xc9, 0x88, 0x41, 0x02, 0x80,
  0x20, 0x18, 0x40, 0x9a, 0x41, 0x60, 0x98, 0x32, 0x62, 0x90, 0x00, 0x20,
  0x08, 0x06, 0x86, 0x97, 0x68, 0x99, 0xa4, 0x8c, 0x18, 0x24, 0x00, 0x08,
  0x82, 0x81, 0xf1, 0x29, 0x9b, 0x56, 0x2c, 0x23, 0x06, 0x09, 0x00, 0x82,
  0x60, 0x60, 0x80, 0xc1, 0xc2, 0x6d, 0x13, 0x33, 0x62, 0x90, 0x00, 0x20,
  0x08, 0x06, 0x46, 0x18, 0x30, 0x1d, 0x87, 0x34, 0x23, 0x06, 0x09, 0x00,
  0x82, 0x60, 0x60, 0x88, 0x41, 0xd3, 0x75, 0x96, 0x33, 0x62, 0x90, 0x00,
  0x20, 0x08, 0x06, 0xc6, 0x18, 0x38, 0x9e, 0x97, 0x3c, 0x23, 0x06, 0x0f,
  0x00, 0x82, 0x60, 0xd0, 0x88, 0x01, 0x83, 0x1c, 0x42, 0x90, 0x24, 0xdf,
  0x07, 0x25, 0xa3, 0x09, 0x01, 0x30, 0x9a, 0x20, 0x04, 0xa3, 0x09, 0x83,
  0x30, 0x9a, 0x40, 0x0c, 0x46, 0x2c, 0xf2, 0x31, 0x62, 0x91, 0x8f, 0x11,
  0x8b, 0x7c, 0x8c, 0x58, 0xe4, 0x33, 0x62, 0x90, 0x00, 0x20, 0x08, 0x06,
  0x08, 0x1b, 0x5c, 0x68, 0x80, 0x06, 0x61, 0x40, 0x8c, 0x18, 0x24, 0x00,
  0x08, 0x82, 0x01, 0xc2, 0x06, 0x17, 0x1a, 0xa0, 0xc1, 0x34, 0x8c, 0x18,
  0x24, 0x00, 0x08, 0x82, 0x01, 0xc2, 0x06, 0x17, 0x1a, 0xa0, 0x01, 0x18,
  0x08, 0x23, 0x06, 0x09, 0x00, 0x82, 0x60, 0x80, 0xb0, 0xc1, 0x85, 0x06,
  0x68, 0x40, 0x05, 0x08, 0x00, 0x00, 0x00, 0x00
};
unsigned int __nuklear_sdl3_gpu_FRAGMENT_DXIL_len = 3944;

unsigned char __nuklear_sdl3_gpu_VERTEX_MSL[] = {
  0x23, 0x69, 0x6e, 0x63, 0x6c, 0x75, 0x64, 0x65, 0x20, 0x3c, 0x6d, 0x65,
  0x74, 0x61, 0x6c, 0x5f, 0x73, 0x74, 0x64, 0x6c, 0x69, 0x62, 0x3e, 0x0a,
  0x23, 0x69, 0x6e, 0x63, 0x6c, 0x75, 0x64, 0x65, 0x20, 0x3c, 0x73, 0x69,
  0x6d, 0x64, 0x2f, 0x73, 0x69, 0x6d, 0x64, 0x2e, 0x68, 0x3e, 0x0a, 0x0a,
  0x75, 0x73, 0x69, 0x6e, 0x67, 0x20, 0x6e, 0x61, 0x6d, 0x65, 0x73, 0x70,
  0x61, 0x63, 0x65, 0x20, 0x6d, 0x65, 0x74, 0x61, 0x6c, 0x3b, 0x0a, 0x0a,
  0x73, 0x74, 0x72, 0x75, 0x63, 0x74, 0x20, 0x74, 0x79, 0x70, 0x65, 0x5f,
  0x55, 0x42, 0x4f, 0x0a, 0x7b, 0x0a, 0x20, 0x20, 0x20, 0x20, 0x66, 0x6c,
  0x6f, 0x61, 0x74, 0x34, 0x78, 0x34, 0x20, 0x74, 0x72, 0x61, 0x6e, 0x73,
  0x66, 0x6f, 0x72, 0x6d, 0x3b, 0x0a, 0x7d, 0x3b, 0x0a, 0x0a, 0x73, 0x74,
  0x72, 0x75, 0x63, 0x74, 0x20, 0x56, 0x45, 0x52, 0x54, 0x45, 0x58, 0x5f,
  0x6f, 0x75, 0x74, 0x0a, 0x7b, 0x0a, 0x20, 0x20, 0x20, 0x20, 0x66, 0x6c,
  0x6f, 0x61, 0x74, 0x32, 0x20, 0x6f, 0x75, 0x74, 0x5f, 0x76, 0x61, 0x72,
  0x5f, 0x54, 0x45, 0x58, 0x43, 0x4f, 0x4f, 0x52, 0x44, 0x30, 0x20, 0x5b,
  0x5b, 0x75, 0x73, 0x65, 0x72, 0x28, 0x6c, 0x6f, 0x63, 0x6e, 0x30, 0x29,
  0x5d, 0x5d, 0x3b, 0x0a, 0x20, 0x20, 0x20, 0x20, 0x66, 0x6c, 0x6f, 0x61,
  0x74, 0x34, 0x20, 0x6f, 0x75, 0x74, 0x5f, 0x76, 0x61, 0x72, 0x5f, 0x54,
  0x45, 0x58, 0x43, 0x4f, 0x4f, 0x52, 0x44, 0x31, 0x20, 0x5b, 0x5b, 0x75,
  0x73, 0x65, 0x72, 0x28, 0x6c, 0x6f, 0x63, 0x6e, 0x31, 0x29, 0x5d, 0x5d,
  0x3b, 0x0a, 0x20, 0x20, 0x20, 0x20, 0x66, 0x6c, 0x6f, 0x61, 0x74, 0x34,
  0x20, 0x67, 0x6c, 0x5f, 0x50, 0x6f, 0x73, 0x69, 0x74, 0x69, 0x6f, 0x6e,
  0x20, 0x5b, 0x5b, 0x70, 0x6f, 0x73, 0x69, 0x74, 0x69, 0x6f, 0x6e, 0x5d,
  0x5d, 0x3b, 0x0a, 0x7d, 0x3b, 0x0a, 0x0a, 0x73, 0x74, 0x72, 0x75, 0x63,
  0x74, 0x20, 0x56, 0x45, 0x52, 0x54, 0x45, 0x58, 0x5f, 0x69, 0x6e, 0x0a,
  0x7b, 0x0a, 0x20, 0x20, 0x20, 0x20, 0x66, 0x6c, 0x6f, 0x61, 0x74, 0x32,
  0x20, 0x69, 0x6e, 0x5f, 0x76, 0x61, 0x72, 0x5f, 0x54, 0x45, 0x58, 0x43,
  0x4f, 0x4f, 0x52, 0x44, 0x30, 0x20, 0x5b, 0x5b, 0x61, 0x74, 0x74, 0x72,
  0x69, 0x62, 0x75, 0x74, 0x65, 0x28, 0x30, 0x29, 0x5d, 0x5d, 0x3b, 0x0a,
  0x20, 0x20, 0x20, 0x20, 0x66, 0x6c, 0x6f, 0x61, 0x74, 0x32, 0x20, 0x69,
  0x6e, 0x5f, 0x76, 0x61, 0x72, 0x5f, 0x54, 0x45, 0x58, 0x43, 0x4f, 0x4f,
  0x52, 0x44, 0x31, 0x20, 0x5b, 0x5b, 0x61, 0x74, 0x74, 0x72, 0x69, 0x62,
  0x75, 0x74, 0x65, 0x28, 0x31, 0x29, 0x5d, 0x5d, 0x3b, 0x0a, 0x20, 0x20,
  0x20, 0x20, 0x66, 0x6c, 0x6f, 0x61, 0x74, 0x34, 0x20, 0x69, 0x6e, 0x5f,
  0x76, 0x61, 0x72, 0x5f, 0x54, 0x45, 0x58, 0x43, 0x4f, 0x4f, 0x52, 0x44,
  0x32, 0x20, 0x5b, 0x5b, 0x61, 0x74, 0x74, 0x72, 0x69, 0x62, 0x75, 0x74,
  0x65, 0x28, 0x32, 0x29, 0x5d, 0x5d, 0x3b, 0x0a, 0x7d, 0x3b, 0x0a, 0x0a,
  0x76, 0x65, 0x72, 0x74, 0x65, 0x78, 0x20, 0x56, 0x45, 0x52, 0x54, 0x45,
  0x58, 0x5f, 0x6f, 0x75, 0x74, 0x20, 0x56, 0x45, 0x52, 0x54, 0x45, 0x58,
  0x28, 0x56, 0x45, 0x52, 0x54, 0x45, 0x58, 0x5f, 0x69, 0x6e, 0x20, 0x69,
  0x6e, 0x20, 0x5b, 0x5b, 0x73, 0x74, 0x61, 0x67, 0x65, 0x5f, 0x69, 0x6e,
  0x5d, 0x5d, 0x2c, 0x20, 0x63, 0x6f, 0x6e, 0x73, 0x74, 0x61, 0x6e, 0x74,
  0x20, 0x74, 0x79, 0x70, 0x65, 0x5f, 0x55, 0x42, 0x4f, 0x26, 0x20, 0x55,
  0x42, 0x4f, 0x20, 0x5b, 0x5b, 0x62, 0x75, 0x66, 0x66, 0x65, 0x72, 0x28,
  0x30, 0x29, 0x5d, 0x5d, 0x29, 0x0a, 0x7b, 0x0a, 0x20, 0x20, 0x20, 0x20,
  0x56, 0x45, 0x52, 0x54, 0x45, 0x58, 0x5f, 0x6f, 0x75, 0x74, 0x20, 0x6f,
  0x75, 0x74, 0x20, 0x3d, 0x20, 0x7b, 0x7d, 0x3b, 0x0a, 0x20, 0x20, 0x20,
  0x20, 0x6f, 0x75, 0x74, 0x2e, 0x6f, 0x75, 0x74, 0x5f, 0x76, 0x61, 0x72,
  0x5f, 0x54, 0x45, 0x58, 0x43, 0x4f, 0x4f, 0x52, 0x44, 0x30, 0x20, 0x3d,
  0x20, 0x69, 0x6e, 0x2e, 0x69, 0x6e, 0x5f, 0x76, 0x61, 0x72, 0x5f, 0x54,
  0x45, 0x58, 0x43, 0x4f, 0x4f, 0x52, 0x44, 0x31, 0x3b, 0x0a, 0x20, 0x20,
  0x20, 0x20, 0x6f, 0x75, 0x74, 0x2e, 0x6f, 0x75, 0x74, 0x5f, 0x76, 0x61,
  0x72, 0x5f, 0x54, 0x45, 0x58, 0x43, 0x4f, 0x4f, 0x52, 0x44, 0x31, 0x20,
  0x3d, 0x20, 0x69, 0x6e, 0x2e, 0x69, 0x6e, 0x5f, 0x76, 0x61, 0x72, 0x5f,
  0x54, 0x45, 0x58, 0x43, 0x4f, 0x4f, 0x52, 0x44, 0x32, 0x3b, 0x0a, 0x20,
  0x20, 0x20, 0x20, 0x6f, 0x75, 0x74, 0x2e, 0x67, 0x6c, 0x5f, 0x50, 0x6f,
  0x73, 0x69, 0x74, 0x69, 0x6f, 0x6e, 0x20, 0x3d, 0x20, 0x55, 0x42, 0x4f,
  0x2e, 0x74, 0x72, 0x61, 0x6e, 0x73, 0x66, 0x6f, 0x72, 0x6d, 0x20, 0x2a,
  0x20, 0x66, 0x6c, 0x6f, 0x61, 0x74, 0x34, 0x28, 0x69, 0x6e, 0x2e, 0x69,
  0x6e, 0x5f, 0x76, 0x61, 0x72, 0x5f, 0x54, 0x45, 0x58, 0x43, 0x4f, 0x4f,
  0x52, 0x44, 0x30, 0x2c, 0x20, 0x30, 0x2e, 0x30, 0x2c, 0x20, 0x31, 0x2e,
  0x30, 0x29, 0x3b, 0x0a, 0x20, 0x20, 0x20, 0x20, 0x72, 0x65, 0x74, 0x75,
  0x72, 0x6e, 0x20, 0x6f, 0x75, 0x74, 0x3b, 0x0a, 0x7d, 0x0a, 0x0a
};
unsigned int __nuklear_sdl3_gpu_VERTEX_MSL_len = 743;
unsigned char __nuklear_sdl3_gpu_FRAGMENT_MSL[] = {
  0x23, 0x69, 0x6e, 0x63, 0x6c, 0x75, 0x64, 0x65, 0x20, 0x3c, 0x6d, 0x65,
  0x74, 0x61, 0x6c, 0x5f, 0x73, 0x74, 0x64, 0x6c, 0x69, 0x62, 0x3e, 0x0a,
  0x23, 0x69, 0x6e, 0x63, 0x6c, 0x75, 0x64, 0x65, 0x20, 0x3c, 0x73, 0x69,
  0x6d, 0x64, 0x2f, 0x73, 0x69, 0x6d, 0x64, 0x2e, 0x68, 0x3e, 0x0a, 0x0a,
  0x75, 0x73, 0x69, 0x6e, 0x67, 0x20, 0x6e, 0x61, 0x6d, 0x65, 0x73, 0x70,
  0x61, 0x63, 0x65, 0x20, 0x6d, 0x65, 0x74, 0x61, 0x6c, 0x3b, 0x0a, 0x0a,
  0x73, 0x74, 0x72, 0x75, 0x63, 0x74, 0x20, 0x46, 0x52, 0x41, 0x47, 0x4d,
  0x45, 0x4e, 0x54, 0x5f, 0x6f, 0x75, 0x74, 0x0a, 0x7b, 0x0a, 0x20, 0x20,
  0x20, 0x20, 0x66, 0x6c, 0x6f, 0x61, 0x74, 0x34, 0x20, 0x6f, 0x75, 0x74,
  0x5f, 0x76, 0x61, 0x72, 0x5f, 0x53, 0x56, 0x5f, 0x54, 0x61, 0x72, 0x67,
  0x65, 0x74, 0x20, 0x5b, 0x5b, 0x63, 0x6f, 0x6c, 0x6f, 0x72, 0x28, 0x30,
  0x29, 0x5d, 0x5d, 0x3b, 0x0a, 0x7d, 0x3b, 0x0a, 0x0a, 0x73, 0x74, 0x72,
  0x75, 0x63, 0x74, 0x20, 0x46, 0x52, 0x41, 0x47, 0x4d, 0x45, 0x4e, 0x54,
  0x5f, 0x69, 0x6e, 0x0a, 0x7b, 0x0a, 0x20, 0x20, 0x20, 0x20, 0x66, 0x6c,
  0x6f, 0x61, 0x74, 0x32, 0x20, 0x69, 0x6e, 0x5f, 0x76, 0x61, 0x72, 0x5f,
  0x54, 0x45, 0x58, 0x43, 0x4f, 0x4f, 0x52, 0x44, 0x30, 0x20, 0x5b, 0x5b,
  0x75, 0x73, 0x65, 0x72, 0x28, 0x6c, 0x6f, 0x63, 0x6e, 0x30, 0x29, 0x5d,
  0x5d, 0x3b, 0x0a, 0x20, 0x20, 0x20, 0x20, 0x66, 0x6c, 0x6f, 0x61, 0x74,
  0x34, 0x20, 0x69, 0x6e, 0x5f, 0x76, 0x61, 0x72, 0x5f, 0x54, 0x45, 0x58,
  0x43, 0x4f, 0x4f, 0x52, 0x44, 0x31, 0x20, 0x5b, 0x5b, 0x75, 0x73, 0x65,
  0x72, 0x28, 0x6c, 0x6f, 0x63, 0x6e, 0x31, 0x29, 0x5d, 0x5d, 0x3b, 0x0a,
  0x7d, 0x3b, 0x0a, 0x0a, 0x66, 0x72, 0x61, 0x67, 0x6d, 0x65, 0x6e, 0x74,
  0x20, 0x46, 0x52, 0x41, 0x47, 0x4d, 0x45, 0x4e, 0x54, 0x5f, 0x6f, 0x75,
  0x74, 0x20, 0x46, 0x52, 0x41, 0x47, 0x4d, 0x45, 0x4e, 0x54, 0x28, 0x46,
  0x52, 0x41, 0x47, 0x4d, 0x45, 0x4e, 0x54, 0x5f, 0x69, 0x6e, 0x20, 0x69,
  0x6e, 0x20, 0x5b, 0x5b, 0x73, 0x74, 0x61, 0x67, 0x65, 0x5f, 0x69, 0x6e,
  0x5d, 0x5d, 0x2c, 0x20, 0x74, 0x65, 0x78, 0x74, 0x75, 0x72, 0x65, 0x32,
  0x64, 0x3c, 0x66, 0x6c, 0x6f, 0x61, 0x74, 0x3e, 0x20, 0x54, 0x65, 0x78,
  0x74, 0x75, 0x72, 0x65, 0x20, 0x5b, 0x5b, 0x74, 0x65, 0x78, 0x74, 0x75,
  0x72, 0x65, 0x28, 0x30, 0x29, 0x5d, 0x5d, 0x2c, 0x20, 0x73, 0x61, 0x6d,
  0x70, 0x6c, 0x65, 0x72, 0x20, 0x53, 0x61, 0x6d, 0x70, 0x6c, 0x65, 0x72,
  0x20, 0x5b, 0x5b, 0x73, 0x61, 0x6d, 0x70, 0x6c, 0x65, 0x72, 0x28, 0x30,
  0x29, 0x5d, 0x5d, 0x29, 0x0a, 0x7b, 0x0a, 0x20, 0x20, 0x20, 0x20, 0x46,
  0x52, 0x41, 0x47, 0x4d, 0x45, 0x4e, 0x54, 0x5f, 0x6f, 0x75, 0x74, 0x20,
  0x6f, 0x75, 0x74, 0x20, 0x3d, 0x20, 0x7b, 0x7d, 0x3b, 0x0a, 0x20, 0x20,
  0x20, 0x20, 0x6f, 0x75, 0x74, 0x2e, 0x6f, 0x75, 0x74, 0x5f, 0x76, 0x61,
  0x72, 0x5f, 0x53, 0x56, 0x5f, 0x54, 0x61, 0x72, 0x67, 0x65, 0x74, 0x20,
  0x3d, 0x20, 0x69, 0x6e, 0x2e, 0x69, 0x6e, 0x5f, 0x76, 0x61, 0x72, 0x5f,
  0x54, 0x45, 0x58, 0x43, 0x4f, 0x4f, 0x52, 0x44, 0x31, 0x20, 0x2a, 0x20,
  0x54, 0x65, 0x78, 0x74, 0x75, 0x72, 0x65, 0x2e, 0x73, 0x61, 0x6d, 0x70,
  0x6c, 0x65, 0x28, 0x53, 0x61, 0x6d, 0x70, 0x6c, 0x65, 0x72, 0x2c, 0x20,
  0x69, 0x6e, 0x2e, 0x69, 0x6e, 0x5f, 0x76, 0x61, 0x72, 0x5f, 0x54, 0x45,
  0x58, 0x43, 0x4f, 0x4f, 0x52, 0x44, 0x30, 0x29, 0x3b, 0x0a, 0x20, 0x20,
  0x20, 0x20, 0x72, 0x65, 0x74, 0x75, 0x72, 0x6e, 0x20, 0x6f, 0x75, 0x74,
  0x3b, 0x0a, 0x7d, 0x0a, 0x0a
};
unsigned int __nuklear_sdl3_gpu_FRAGMENT_MSL_len = 533;

unsigned char __nuklear_sdl3_gpu_VERTEX_METALLIB[]    = {0x00};
unsigned int  __nuklear_sdl3_gpu_VERTEX_METALLIB_len  = 0;
unsigned char __nuklear_sdl3_gpu_FRAGMENT_METALLIB[]    = {0x00};
unsigned int  __nuklear_sdl3_gpu_FRAGMENT_METALLIB_len  = 0;

